fill_fraction,symbol,timeframe,bars,start,end,trades,wins,losses,win_rate,total_R,expectancy_R,profit_factor,total_pnl,return_pct,max_drawdown,max_drawdown_pct,avg_bars_held,buy_trades,sell_trades,buy_R,sell_R,tp_exits,sl_exits,unresolved,avg_sl_points,setups_detected,setups_entered,rejected_stops
0.0,audusd,M5,20095,2026-05-17 21:05:00+00:00,2026-08-21 20:55:00+00:00,5,3,2,60.0,1.0,0.2,1.5,100.0,1.0,-100.0,-1.0,638.0,3,2,-1.0,2.0,3,2,0,299.1999999999995,5,5,0
0.1,audusd,M5,20095,2026-05-17 21:05:00+00:00,2026-08-21 20:55:00+00:00,5,3,2,60.0,1.0,0.2,1.5,100.0,1.0,-100.0,-1.0,638.0,3,2,-1.0,2.0,3,2,0,296.0399999999996,5,5,0
0.2,audusd,M5,20095,2026-05-17 21:05:00+00:00,2026-08-21 20:55:00+00:00,5,3,2,60.0,1.0,0.2,1.5,100.0,1.0,-100.0,-1.0,638.0,3,2,-1.0,2.0,3,2,0,292.87999999999977,5,5,0
0.3,audusd,M5,20095,2026-05-17 21:05:00+00:00,2026-08-21 20:55:00+00:00,5,3,2,60.0,1.0,0.2,1.5,100.0,1.0,-100.0,-1.0,638.0,3,2,-1.0,2.0,3,2,0,289.71999999999997,5,5,0
0.4,audusd,M5,20095,2026-05-17 21:05:00+00:00,2026-08-21 20:55:00+00:00,5,3,2,60.0,1.0,0.2,1.5,100.0,1.0,-100.0,-1.0,638.0,3,2,-1.0,2.0,3,2,0,286.5599999999957,5,5,0
0.5,audusd,M5,20095,2026-05-17 21:05:00+00:00,2026-08-21 20:55:00+00:00,5,3,2,60.0,1.0,0.2,1.5,100.0,1.0,-100.0,-1.0,637.8,3,2,-1.0,2.0,3,2,0,283.3999999999959,5,5,0
0.75,audusd,M5,20095,2026-05-17 21:05:00+00:00,2026-08-21 20:55:00+00:00,5,3,2,60.0,1.0,0.2,1.5,100.0,1.0,-100.0,-1.0,637.6,3,2,-1.0,2.0,3,2,0,275.4999999999974,5,5,0
1.0,audusd,M5,20095,2026-05-17 21:05:00+00:00,2026-08-21 20:55:00+00:00,5,3,2,60.0,1.0,0.2,1.5,100.0,1.0,-100.0,-1.0,637.6,3,2,-1.0,2.0,3,2,0,267.5999999999967,5,5,0
0.0,audusd,M15,22176,2025-09-30 21:00:00+00:00,2026-08-21 20:45:00+00:00,16,9,7,56.25,2.0,0.125,1.2857142857142858,200.0,2.0,-300.0,-3.0,93.625,12,4,4.0,-2.0,9,7,0,329.3749999999984,26,16,0
0.1,audusd,M15,22176,2025-09-30 21:00:00+00:00,2026-08-21 20:45:00+00:00,16,9,7,56.25,2.0,0.125,1.2857142857142858,200.0,2.0,-300.0,-3.0,93.5625,12,4,4.0,-2.0,9,7,0,326.75624999999803,26,16,0
0.2,audusd,M15,22176,2025-09-30 21:00:00+00:00,2026-08-21 20:45:00+00:00,16,9,7,56.25,2.0,0.125,1.2857142857142858,200.0,2.0,-300.0,-3.0,93.375,12,4,4.0,-2.0,9,7,0,324.137499999999,26,16,0
0.3,audusd,M15,22176,2025-09-30 21:00:00+00:00,2026-08-21 20:45:00+00:00,16,9,7,56.25,2.0,0.125,1.2857142857142858,200.0,2.0,-300.0,-3.0,93.375,12,4,4.0,-2.0,9,7,0,321.5187499999987,26,16,0
0.4,audusd,M15,22176,2025-09-30 21:00:00+00:00,2026-08-21 20:45:00+00:00,16,9,7,56.25,2.0,0.125,1.2857142857142858,200.0,2.0,-300.0,-3.0,93.25,12,4,4.0,-2.0,9,7,0,318.89999999999765,26,16,0
0.5,audusd,M15,22176,2025-09-30 21:00:00+00:00,2026-08-21 20:45:00+00:00,16,9,7,56.25,2.0,0.125,1.2857142857142858,200.0,2.0,-300.0,-3.0,93.125,12,4,4.0,-2.0,9,7,0,316.28124999999795,26,16,0
0.75,audusd,M15,22176,2025-09-30 21:00:00+00:00,2026-08-21 20:45:00+00:00,16,9,7,56.25,2.0,0.125,1.2857142857142858,200.0,2.0,-300.0,-3.0,92.25,12,4,4.0,-2.0,9,7,0,309.73437499999875,26,16,0
1.0,audusd,M15,22176,2025-09-30 21:00:00+00:00,2026-08-21 20:45:00+00:00,16,10,6,62.5,4.0,0.25,1.6666666666666667,400.0,4.0,-300.0,-3.0,81.0,12,4,4.0,0.0,10,6,0,303.18749999999886,26,16,0
0.0,audusd,H1,22655,2023-01-01 23:00:00+00:00,2026-08-21 20:00:00+00:00,99,56,43,56.56565656565656,13.0,0.13131313131313133,1.302325581395349,1300.0,13.0,-500.0,-5.0,22.1010101010101,47,52,11.0,2.0,56,43,0,308.82828282828206,166,107,0
0.1,audusd,H1,22655,2023-01-01 23:00:00+00:00,2026-08-21 20:00:00+00:00,99,56,43,56.56565656565656,13.0,0.13131313131313133,1.302325581395349,1300.0,13.0,-500.0,-5.0,22.03030303030303,47,52,11.0,2.0,56,43,0,303.8474747474738,166,107,0
0.2,audusd,H1,22655,2023-01-01 23:00:00+00:00,2026-08-21 20:00:00+00:00,103,58,45,56.310679611650485,13.0,0.1262135922330097,1.288888888888889,1300.0,13.0,-500.0,-5.0,19.42718446601942,49,54,9.0,4.0,58,45,0,304.27572815533955,166,107,0
0.3,audusd,H1,22655,2023-01-01 23:00:00+00:00,2026-08-21 20:00:00+00:00,103,58,45,56.310679611650485,13.0,0.1262135922330097,1.288888888888889,1300.0,13.0,-500.0,-5.0,19.019417475728154,49,54,9.0,4.0,58,45,0,299.3650485436882,166,107,0
0.4,audusd,H1,22655,2023-01-01 23:00:00+00:00,2026-08-21 20:00:00+00:00,103,58,45,56.310679611650485,13.0,0.1262135922330097,1.288888888888889,1300.0,13.0,-500.0,-5.0,18.59223300970874,49,54,9.0,4.0,58,45,0,294.4543689320379,166,107,0
0.5,audusd,H1,22655,2023-01-01 23:00:00+00:00,2026-08-21 20:00:00+00:00,103,58,45,56.310679611650485,13.0,0.1262135922330097,1.288888888888889,1300.0,13.0,-500.0,-5.0,18.42718446601942,49,54,9.0,4.0,58,45,0,289.5436893203879,166,107,0
0.75,audusd,H1,22655,2023-01-01 23:00:00+00:00,2026-08-21 20:00:00+00:00,103,63,40,61.165048543689316,23.0,0.22330097087378642,1.575,2300.0,23.0,-500.0,-5.0,17.563106796116504,49,54,15.0,8.0,63,40,0,277.26699029126166,166,107,0
1.0,audusd,H1,22655,2023-01-01 23:00:00+00:00,2026-08-21 20:00:00+00:00,101,63,38,62.37623762376238,25.0,0.24752475247524752,1.6578947368421053,2500.0,25.0,-500.0,-5.0,17.415841584158414,48,53,14.0,11.0,63,38,0,271.0891089108907,166,105,0
0.0,audusd,H4,21210,2013-01-01 22:00:00+00:00,2026-08-21 17:00:00+00:00,276,149,127,53.985507246376805,22.0,0.07971014492753623,1.1732283464566928,2200.0,22.0,-1900.0,-19.0,9.97463768115942,131,145,7.0,15.0,149,127,0,492.54347826086934,485,294,0
0.1,audusd,H4,21210,2013-01-01 22:00:00+00:00,2026-08-21 17:00:00+00:00,276,149,127,53.985507246376805,22.0,0.07971014492753623,1.1732283464566928,2200.0,22.0,-1900.0,-19.0,9.858695652173912,131,145,7.0,15.0,149,127,0,482.52065217391277,485,294,0
0.2,audusd,H4,21210,2013-01-01 22:00:00+00:00,2026-08-21 17:00:00+00:00,278,154,124,55.39568345323741,30.0,0.1079136690647482,1.2419354838709677,3000.0,30.0,-1800.0,-18.0,9.489208633093526,132,146,14.0,16.0,154,124,0,474.19712230215833,485,293,0
0.3,audusd,H4,21210,2013-01-01 22:00:00+00:00,2026-08-21 17:00:00+00:00,281,160,121,56.93950177935944,39.0,0.1387900355871886,1.322314049586777,3900.0,39.0,-1800.0,-18.0,9.373665480427047,133,148,17.0,22.0,160,121,0,467.9535587188606,485,295,0
0.4,audusd,H4,21210,2013-01-01 22:00:00+00:00,2026-08-21 17:00:00+00:00,281,165,116,58.718861209964416,49.0,0.17437722419928825,1.4224137931034482,4900.0,49.0,-1800.0,-18.0,8.907473309608541,133,148,23.0,26.0,165,116,0,460.6683274021348,485,294,0
0.5,audusd,H4,21210,2013-01-01 22:00:00+00:00,2026-08-21 17:00:00+00:00,281,168,113,59.7864768683274,55.0,0.19572953736654805,1.4867256637168142,5500.0,55.00000000000001,-1500.0,-15.0,8.654804270462634,134,147,24.0,31.0,168,113,0,454.37188612099624,485,294,0
0.75,audusd,H4,21210,2013-01-01 22:00:00+00:00,2026-08-21 17:00:00+00:00,280,175,105,62.5,70.0,0.25,1.6666666666666667,7000.0,70.0,-1300.0,-13.0,8.239285714285714,134,146,28.0,42.0,175,105,0,441.6937499999993,485,291,0
1.0,audusd,H4,21210,2013-01-01 22:00:00+00:00,2026-08-21 17:00:00+00:00,279,188,91,67.38351254480287,97.0,0.34767025089605735,2.065934065934066,9700.0,97.0,-900.0,-9.0,7.508960573476703,132,147,36.0,61.0,188,91,0,430.89426523297413,485,286,0
0.0,audusd,D1,6301,2002-05-07 00:00:00+00:00,2026-08-21 00:00:00+00:00,61,36,25,59.01639344262295,11.0,0.18032786885245902,1.44,1100.0,11.0,-300.0,-3.0,2.5737704918032787,33,28,7.0,4.0,36,25,0,586.9754098360652,216,61,0
0.1,audusd,D1,6301,2002-05-07 00:00:00+00:00,2026-08-21 00:00:00+00:00,70,40,30,57.14285714285714,10.0,0.14285714285714285,1.3333333333333333,1000.0,10.0,-400.0,-4.0,3.2142857142857144,41,29,7.0,3.0,40,30,0,614.9492857142855,216,70,0
0.2,audusd,D1,6301,2002-05-07 00:00:00+00:00,2026-08-21 00:00:00+00:00,71,42,29,59.154929577464785,13.0,0.18309859154929578,1.4482758620689655,1300.0,13.0,-400.0,-4.0,3.112676056338028,41,30,7.0,6.0,42,29,0,591.7521126760564,216,71,0
0.3,audusd,D1,6301,2002-05-07 00:00:00+00:00,2026-08-21 00:00:00+00:00,71,42,29,59.154929577464785,13.0,0.18309859154929578,1.4482758620689655,1300.0,13.0,-400.0,-4.0,3.0140845070422535,41,30,7.0,6.0,42,29,0,561.9485915492952,216,71,0
0.4,audusd,D1,6301,2002-05-07 00:00:00+00:00,2026-08-21 00:00:00+00:00,70,42,28,60.0,14.0,0.2,1.5,1400.0,14.000000000000002,-400.0,-4.0,2.842857142857143,40,30,8.0,6.0,42,28,0,539.9042857142852,216,70,0
0.5,audusd,D1,6301,2002-05-07 00:00:00+00:00,2026-08-21 00:00:00+00:00,73,44,29,60.273972602739725,15.0,0.2054794520547945,1.5172413793103448,1500.0,15.0,-300.0,-3.0,2.7534246575342465,42,31,8.0,7.0,44,29,0,529.6027397260265,216,73,0
0.75,audusd,D1,6301,2002-05-07 00:00:00+00:00,2026-08-21 00:00:00+00:00,74,48,26,64.86486486486487,22.0,0.2972972972972973,1.8461538461538463,2200.0,22.0,-400.0,-4.0,2.7162162162162162,42,32,14.0,8.0,48,26,0,521.6739864864861,216,74,0
1.0,audusd,D1,6301,2002-05-07 00:00:00+00:00,2026-08-21 00:00:00+00:00,74,49,25,66.21621621621621,24.0,0.32432432432432434,1.96,2400.0,24.0,-400.0,-4.0,2.7162162162162162,44,30,14.0,10.0,49,25,0,512.6959459459449,216,74,0
0.0,eurgbp,M5,20103,2026-05-17 21:05:00+00:00,2026-08-21 20:55:00+00:00,0,0,0,,0.0,,,0.0,0.0,0.0,0.0,,0,0,0.0,0.0,0,0,0,,0,0,0
0.1,eurgbp,M5,20103,2026-05-17 21:05:00+00:00,2026-08-21 20:55:00+00:00,0,0,0,,0.0,,,0.0,0.0,0.0,0.0,,0,0,0.0,0.0,0,0,0,,0,0,0
0.2,eurgbp,M5,20103,2026-05-17 21:05:00+00:00,2026-08-21 20:55:00+00:00,0,0,0,,0.0,,,0.0,0.0,0.0,0.0,,0,0,0.0,0.0,0,0,0,,0,0,0
0.3,eurgbp,M5,20103,2026-05-17 21:05:00+00:00,2026-08-21 20:55:00+00:00,0,0,0,,0.0,,,0.0,0.0,0.0,0.0,,0,0,0.0,0.0,0,0,0,,0,0,0
0.4,eurgbp,M5,20103,2026-05-17 21:05:00+00:00,2026-08-21 20:55:00+00:00,0,0,0,,0.0,,,0.0,0.0,0.0,0.0,,0,0,0.0,0.0,0,0,0,,0,0,0
0.5,eurgbp,M5,20103,2026-05-17 21:05:00+00:00,2026-08-21 20:55:00+00:00,0,0,0,,0.0,,,0.0,0.0,0.0,0.0,,0,0,0.0,0.0,0,0,0,,0,0,0
0.75,eurgbp,M5,20103,2026-05-17 21:05:00+00:00,2026-08-21 20:55:00+00:00,0,0,0,,0.0,,,0.0,0.0,0.0,0.0,,0,0,0.0,0.0,0,0,0,,0,0,0
1.0,eurgbp,M5,20103,2026-05-17 21:05:00+00:00,2026-08-21 20:55:00+00:00,0,0,0,,0.0,,,0.0,0.0,0.0,0.0,,0,0,0.0,0.0,0,0,0,,0,0,0
0.0,eurgbp,M15,22176,2025-09-30 21:00:00+00:00,2026-08-21 20:45:00+00:00,4,2,2,50.0,0.0,0.0,1.0,0.0,0.0,-100.0,-1.0,272.0,2,2,0.0,0.0,2,2,0,283.75000000000205,6,4,0
0.1,eurgbp,M15,22176,2025-09-30 21:00:00+00:00,2026-08-21 20:45:00+00:00,4,2,2,50.0,0.0,0.0,1.0,0.0,0.0,-100.0,-1.0,265.75,2,2,0.0,0.0,2,2,0,280.82500000000397,6,4,0
0.2,eurgbp,M15,22176,2025-09-30 21:00:00+00:00,2026-08-21 20:45:00+00:00,4,2,2,50.0,0.0,0.0,1.0,0.0,0.0,-100.0,-1.0,234.0,2,2,0.0,0.0,2,2,0,277.9000000000003,6,4,0
0.3,eurgbp,M15,22176,2025-09-30 21:00:00+00:00,2026-08-21 20:45:00+00:00,4,2,2,50.0,0.0,0.0,1.0,0.0,0.0,-100.0,-1.0,234.0,2,2,0.0,0.0,2,2,0,274.975000000005,6,4,0
0.4,eurgbp,M15,22176,2025-09-30 21:00:00+00:00,2026-08-21 20:45:00+00:00,4,2,2,50.0,0.0,0.0,1.0,0.0,0.0,-100.0,-1.0,233.75,2,2,0.0,0.0,2,2,0,272.05000000000143,6,4,0
0.5,eurgbp,M15,22176,2025-09-30 21:00:00+00:00,2026-08-21 20:45:00+00:00,4,2,2,50.0,0.0,0.0,1.0,0.0,0.0,-100.0,-1.0,219.0,2,2,0.0,0.0,2,2,0,269.1250000000034,6,4,0
0.75,eurgbp,M15,22176,2025-09-30 21:00:00+00:00,2026-08-21 20:45:00+00:00,4,3,1,75.0,2.0,0.5,3.0,200.0,2.0,-100.0,-1.0,194.75,2,2,2.0,0.0,3,1,0,261.8125000000054,6,4,0
1.0,eurgbp,M15,22176,2025-09-30 21:00:00+00:00,2026-08-21 20:45:00+00:00,4,3,1,75.0,2.0,0.5,3.0,200.0,2.0,-100.0,-1.0,149.75,2,2,2.0,0.0,3,1,0,254.50000000000472,6,4,0
0.0,eurgbp,H1,22655,2023-01-01 23:00:00+00:00,2026-08-21 20:00:00+00:00,39,21,18,53.84615384615385,3.0,0.07692307692307693,1.1666666666666667,300.0,3.0,-800.0,-8.0,34.61538461538461,22,17,2.0,1.0,21,18,0,304.8205128205125,55,39,0
0.1,eurgbp,H1,22655,2023-01-01 23:00:00+00:00,2026-08-21 20:00:00+00:00,39,21,18,53.84615384615385,3.0,0.07692307692307693,1.1666666666666667,300.0,3.0,-800.0,-8.0,34.35897435897436,22,17,2.0,1.0,21,18,0,299.8538461538465,55,39,0
0.2,eurgbp,H1,22655,2023-01-01 23:00:00+00:00,2026-08-21 20:00:00+00:00,39,21,18,53.84615384615385,3.0,0.07692307692307693,1.1666666666666667,300.0,3.0,-800.0,-8.0,34.35897435897436,22,17,2.0,1.0,21,18,0,294.88717948717874,55,39,0
0.3,eurgbp,H1,22655,2023-01-01 23:00:00+00:00,2026-08-21 20:00:00+00:00,39,21,18,53.84615384615385,3.0,0.07692307692307693,1.1666666666666667,300.0,3.0,-800.0,-8.0,33.61538461538461,22,17,2.0,1.0,21,18,0,289.9205128205121,55,39,0
0.4,eurgbp,H1,22655,2023-01-01 23:00:00+00:00,2026-08-21 20:00:00+00:00,39,23,16,58.97435897435898,7.0,0.1794871794871795,1.4375,700.0,7.000000000000001,-700.0,-7.000000000000001,32.30769230769231,22,17,4.0,3.0,23,16,0,284.9538461538455,55,39,0
0.5,eurgbp,H1,22655,2023-01-01 23:00:00+00:00,2026-08-21 20:00:00+00:00,39,23,16,58.97435897435898,7.0,0.1794871794871795,1.4375,700.0,7.000000000000001,-700.0,-7.000000000000001,31.23076923076923,22,17,4.0,3.0,23,16,0,279.98717948717876,55,39,0
0.75,eurgbp,H1,22655,2023-01-01 23:00:00+00:00,2026-08-21 20:00:00+00:00,38,26,12,68.42105263157895,14.0,0.3684210526315789,2.1666666666666665,1400.0,14.000000000000002,-400.0,-4.0,27.68421052631579,21,17,7.0,7.0,26,12,0,274.67763157894825,55,38,0
1.0,eurgbp,H1,22655,2023-01-01 23:00:00+00:00,2026-08-21 20:00:00+00:00,38,27,11,71.05263157894737,16.0,0.42105263157894735,2.4545454545454546,1600.0,16.0,-400.0,-4.0,26.105263157894736,21,17,7.0,9.0,27,11,0,262.50000000000017,55,38,0
0.0,eurgbp,H4,21210,2013-01-01 22:00:00+00:00,2026-08-21 17:00:00+00:00,221,117,104,52.94117647058824,13.0,0.058823529411764705,1.125,1300.0,13.0,-2300.0,-23.0,13.819004524886878,114,107,16.0,-3.0,117,104,0,485.7420814479635,358,233,0
0.1,eurgbp,H4,21210,2013-01-01 22:00:00+00:00,2026-08-21 17:00:00+00:00,222,120,102,54.054054054054056,18.0,0.08108108108108109,1.1764705882352942,1800.0,18.0,-2000.0,-20.0,13.513513513513514,114,108,16.0,2.0,120,102,0,475.84639639639636,358,233,0
0.2,eurgbp,H4,21210,2013-01-01 22:00:00+00:00,2026-08-21 17:00:00+00:00,220,121,99,55.00000000000001,22.0,0.1,1.2222222222222223,2200.0,22.0,-1800.0,-18.0,13.477272727272727,113,107,19.0,3.0,121,99,0,472.0672727272725,358,231,0
0.3,eurgbp,H4,21210,2013-01-01 22:00:00+00:00,2026-08-21 17:00:00+00:00,219,118,101,53.88127853881278,17.0,0.0776255707762557,1.1683168316831682,1700.0,17.0,-1800.0,-18.0,12.899543378995434,112,107,16.0,1.0,118,101,0,465.0687214611868,358,231,0
0.4,eurgbp,H4,21210,2013-01-01 22:00:00+00:00,2026-08-21 17:00:00+00:00,219,121,98,55.25114155251142,23.0,0.1050228310502283,1.2346938775510203,2300.0,23.0,-1500.0,-15.0,12.735159817351597,112,107,18.0,5.0,121,98,0,456.8168949771684,358,231,0
0.5,eurgbp,H4,21210,2013-01-01 22:00:00+00:00,2026-08-21 17:00:00+00:00,220,124,96,56.36363636363636,28.0,0.12727272727272726,1.2916666666666667,2800.0,28.000000000000004,-1200.0,-12.0,11.74090909090909,112,108,20.0,8.0,124,96,0,447.71250000000026,358,231,0
0.75,eurgbp,H4,21210,2013-01-01 22:00:00+00:00,2026-08-21 17:00:00+00:00,219,130,89,59.3607305936073,41.0,0.1872146118721461,1.4606741573033708,4100.0,41.0,-800.0,-8.0,11.415525114155251,112,107,26.0,15.0,130,89,0,433.66952054794507,358,230,0
1.0,eurgbp,H4,21210,2013-01-01 22:00:00+00:00,2026-08-21 17:00:00+00:00,219,135,84,61.64383561643836,51.0,0.2328767123287671,1.6071428571428572,5100.0,51.0,-500.0,-5.0,10.114155251141552,111,108,33.0,18.0,135,84,0,426.67351598173485,358,227,0
0.0,eurgbp,D1,6301,2002-05-08 00:00:00+00:00,2026-08-21 00:00:00+00:00,72,44,28,61.111111111111114,16.0,0.2222222222222222,1.5714285714285714,1600.0,16.0,-800.0,-8.0,5.291666666666667,28,44,6.0,10.0,44,28,0,569.2499999999995,183,77,0
0.1,eurgbp,D1,6301,2002-05-08 00:00:00+00:00,2026-08-21 00:00:00+00:00,72,45,27,62.5,18.0,0.25,1.6666666666666667,1800.0,18.0,-700.0,-7.000000000000001,4.902777777777778,27,45,7.0,11.0,45,27,0,552.4006944444445,183,76,0
0.2,eurgbp,D1,6301,2002-05-08 00:00:00+00:00,2026-08-21 00:00:00+00:00,73,47,26,64.38356164383562,21.0,0.2876712328767123,1.8076923076923077,2100.0,21.0,-700.0,-7.000000000000001,4.835616438356165,28,45,10.0,11.0,47,26,0,540.5082191780823,183,77,0
0.3,eurgbp,D1,6301,2002-05-08 00:00:00+00:00,2026-08-21 00:00:00+00:00,73,47,26,64.38356164383562,21.0,0.2876712328767123,1.8076923076923077,2100.0,21.0,-700.0,-7.000000000000001,4.794520547945205,28,45,10.0,11.0,47,26,0,536.5712328767121,183,77,0
0.4,eurgbp,D1,6301,2002-05-08 00:00:00+00:00,2026-08-21 00:00:00+00:00,72,49,23,68.05555555555556,26.0,0.3611111111111111,2.130434782608696,2600.0,26.0,-600.0,-6.0,4.486111111111111,29,43,9.0,17.0,49,23,0,540.0722222222224,183,76,0
0.5,eurgbp,D1,6301,2002-05-08 00:00:00+00:00,2026-08-21 00:00:00+00:00,75,53,22,70.66666666666667,31.0,0.41333333333333333,2.409090909090909,3100.0,31.0,-400.0,-4.0,4.493333333333333,30,45,12.0,19.0,53,22,0,551.5966666666666,183,79,0
0.75,eurgbp,D1,6301,2002-05-08 00:00:00+00:00,2026-08-21 00:00:00+00:00,76,56,20,73.68421052631578,36.0,0.47368421052631576,2.8,3600.0,36.0,-200.0,-2.0,4.105263157894737,30,46,14.0,22.0,56,20,0,514.5805921052633,183,79,0
1.0,eurgbp,D1,6301,2002-05-08 00:00:00+00:00,2026-08-21 00:00:00+00:00,75,57,18,76.0,39.0,0.52,3.1666666666666665,3900.0,39.0,-200.0,-2.0,4.053333333333334,29,46,15.0,24.0,57,18,0,492.8666666666667,183,77,0
0.0,eurusd,M5,20103,2026-05-17 21:05:00+00:00,2026-08-21 20:55:00+00:00,7,3,4,42.857142857142854,-1.0,-0.14285714285714285,0.75,-100.0,-1.0,-200.0,-2.0,216.57142857142858,5,2,-3.0,2.0,3,4,0,280.000000000004,7,7,0
0.1,eurusd,M5,20103,2026-05-17 21:05:00+00:00,2026-08-21 20:55:00+00:00,7,3,4,42.857142857142854,-1.0,-0.14285714285714285,0.75,-100.0,-1.0,-200.0,-2.0,216.57142857142858,5,2,-3.0,2.0,3,4,0,278.1000000000081,7,7,0
0.2,eurusd,M5,20103,2026-05-17 21:05:00+00:00,2026-08-21 20:55:00+00:00,7,4,3,57.14285714285714,1.0,0.14285714285714285,1.3333333333333333,100.0,1.0,-100.0,-1.0,177.42857142857142,5,2,-1.0,2.0,4,3,0,276.2000000000058,7,7,0
0.3,eurusd,M5,20103,2026-05-17 21:05:00+00:00,2026-08-21 20:55:00+00:00,7,4,3,57.14285714285714,1.0,0.14285714285714285,1.3333333333333333,100.0,1.0,-100.0,-1.0,177.42857142857142,5,2,-1.0,2.0,4,3,0,274.3000000000035,7,7,0
0.4,eurusd,M5,20103,2026-05-17 21:05:00+00:00,2026-08-21 20:55:00+00:00,7,4,3,57.14285714285714,1.0,0.14285714285714285,1.3333333333333333,100.0,1.0,-100.0,-1.0,177.28571428571428,5,2,-1.0,2.0,4,3,0,272.40000000000117,7,7,0
0.5,eurusd,M5,20103,2026-05-17 21:05:00+00:00,2026-08-21 20:55:00+00:00,7,4,3,57.14285714285714,1.0,0.14285714285714285,1.3333333333333333,100.0,1.0,-100.0,-1.0,177.28571428571428,5,2,-1.0,2.0,4,3,0,270.5000000000021,7,7,0
0.75,eurusd,M5,20103,2026-05-17 21:05:00+00:00,2026-08-21 20:55:00+00:00,7,4,3,57.14285714285714,1.0,0.14285714285714285,1.3333333333333333,100.0,1.0,-100.0,-1.0,177.0,5,2,-1.0,2.0,4,3,0,265.75000000000426,7,7,0
1.0,eurusd,M5,20103,2026-05-17 21:05:00+00:00,2026-08-21 20:55:00+00:00,7,4,3,57.14285714285714,1.0,0.14285714285714285,1.3333333333333333,100.0,1.0,-100.0,-1.0,176.85714285714286,5,2,-1.0,2.0,4,3,0,261.00000000000324,7,7,0
0.0,eurusd,M15,22176,2025-09-30 21:00:00+00:00,2026-08-21 20:45:00+00:00,22,12,10,54.54545454545454,1.0942812982998458,0.04974005901362935,1.1094281298299846,109.42812982998457,1.0942812982998458,-400.0,-4.0,50.04545454545455,12,10,-4.905718701700154,6.0,11,10,1,234.5454545454559,30,22,0
0.1,eurusd,M15,22176,2025-09-30 21:00:00+00:00,2026-08-21 20:45:00+00:00,22,13,9,59.09090909090909,3.1111111111110996,0.14141414141414088,1.3456790123456777,311.11111111110995,3.1111111111110996,-300.0,-3.0,45.54545454545455,12,10,-4.888888888888901,8.0,12,9,1,229.95454545454504,30,22,0
0.2,eurusd,M15,22176,2025-09-30 21:00:00+00:00,2026-08-21 20:45:00+00:00,22,13,9,59.09090909090909,3.128466687918409,0.1422030312690186,1.3476074097687123,312.8466687918409,3.128466687918409,-300.0,-3.0,45.54545454545455,12,10,-4.871533312081591,8.0,12,9,1,225.36363636363714,30,22,0
0.3,eurusd,M15,22176,2025-09-30 21:00:00+00:00,2026-08-21 20:45:00+00:00,22,14,8,63.63636363636363,5.146373056994822,0.2339260480452192,1.6432966321243527,514.6373056994822,5.146373056994822,-300.0,-3.0,39.27272727272727,12,10,-2.8536269430051777,8.0,13,8,1,220.77272727272828,30,22,0
0.4,eurusd,M15,22176,2025-09-30 21:00:00+00:00,2026-08-21 20:45:00+00:00,22,15,7,68.18181818181817,7.164856860809468,0.3256753118549758,2.023550980115638,716.4856860809467,7.164856860809467,-200.0,-2.0,37.54545454545455,12,10,-0.8351431391905326,8.0,14,7,1,216.1818181818214,30,22,0
0.5,eurusd,M15,22176,2025-09-30 21:00:00+00:00,2026-08-21 20:45:00+00:00,22,15,7,68.18181818181817,7.183946488294291,0.32654302219519504,2.0262780697563274,718.3946488294291,7.183946488294291,-200.0,-2.0,37.45454545454545,12,10,-0.8160535117057088,8.0,14,7,1,211.5909090909105,30,22,0
0.75,eurusd,M15,22176,2025-09-30 21:00:00+00:00,2026-08-21 20:45:00+00:00,22,16,6,72.72727272727273,9.234524847428059,0.41975112942854814,2.539087474571343,923.452484742806,9.234524847428059,-200.0,-2.0,35.77272727272727,12,10,1.234524847428059,8.0,15,6,1,200.11363636364032,30,22,0
1.0,eurusd,M15,22176,2025-09-30 21:00:00+00:00,2026-08-21 20:45:00+00:00,22,17,5,77.27272727272727,11.289617486338795,0.513164431197218,3.2579234972677593,1128.9617486338796,11.289617486338797,-100.0,-1.0,34.59090909090909,12,10,3.2896174863387944,8.0,16,5,1,188.63636363636508,30,22,0
0.0,eurusd,H1,22655,2023-01-01 23:00:00+00:00,2026-08-21 20:00:00+00:00,108,53,55,49.074074074074076,-2.0,-0.018518518518518517,0.9636363636363636,-200.0,-2.0,-2200.0,-22.0,21.65740740740741,56,52,-4.0,2.0,53,55,0,375.3888888888898,189,113,0
0.1,eurusd,H1,22655,2023-01-01 23:00:00+00:00,2026-08-21 20:00:00+00:00,108,53,55,49.074074074074076,-2.0,-0.018518518518518517,0.9636363636363636,-200.0,-2.0,-2200.0,-22.0,21.59259259259259,56,52,-4.0,2.0,53,55,0,370.0870370370368,189,113,0
0.2,eurusd,H1,22655,2023-01-01 23:00:00+00:00,2026-08-21 20:00:00+00:00,108,55,53,50.92592592592593,2.0,0.018518518518518517,1.0377358490566038,200.0,2.0,-1800.0,-18.0,21.12037037037037,56,52,-2.0,4.0,55,53,0,364.78518518518626,189,113,0
0.3,eurusd,H1,22655,2023-01-01 23:00:00+00:00,2026-08-21 20:00:00+00:00,108,56,52,51.85185185185185,4.0,0.037037037037037035,1.0769230769230769,400.0,4.0,-1800.0,-18.0,21.02777777777778,56,52,0.0,4.0,56,52,0,359.4833333333336,189,113,0
0.4,eurusd,H1,22655,2023-01-01 23:00:00+00:00,2026-08-21 20:00:00+00:00,107,57,50,53.271028037383175,7.0,0.06542056074766354,1.14,700.0,7.000000000000001,-1500.0,-15.0,19.83177570093458,55,52,3.0,4.0,57,50,0,357.5738317757025,189,112,0
0.5,eurusd,H1,22655,2023-01-01 23:00:00+00:00,2026-08-21 20:00:00+00:00,107,58,49,54.20560747663551,9.0,0.08411214953271028,1.183673469387755,900.0,9.0,-1300.0,-13.0,19.66355140186916,55,52,5.0,4.0,58,49,0,352.34579439252417,189,112,0
0.75,eurusd,H1,22655,2023-01-01 23:00:00+00:00,2026-08-21 20:00:00+00:00,106,61,45,57.54716981132076,16.0,0.1509433962264151,1.3555555555555556,1600.0,16.0,-1000.0,-10.0,19.11320754716981,55,51,9.0,7.0,61,45,0,342.48113207547306,189,111,0
1.0,eurusd,H1,22655,2023-01-01 23:00:00+00:00,2026-08-21 20:00:00+00:00,105,63,42,60.0,21.0,0.2,1.5,2100.0,21.0,-1000.0,-10.0,18.704761904761906,55,50,13.0,8.0,63,42,0,332.5809523809535,189,110,0
0.0,eurusd,H4,21210,2013-01-01 22:00:00+00:00,2026-08-21 17:00:00+00:00,241,132,109,54.77178423236515,22.99999999999999,0.09543568464730286,1.2110091743119267,2299.999999999999,22.99999999999999,-1000.0000000000018,-10.000000000000018,8.058091286307054,122,119,13.99999999999999,9.0,132,109,0,537.9398340248964,493,258,0
0.1,eurusd,H4,21210,2013-01-01 22:00:00+00:00,2026-08-21 17:00:00+00:00,241,133,108,55.18672199170125,24.999999999999986,0.10373443983402483,1.2314814814814814,2499.999999999999,24.999999999999993,-900.0000000000018,-9.000000000000018,8.360995850622407,124,117,13.999999999999988,11.0,133,108,0,533.8159751037348,493,259,0
0.2,eurusd,H4,21210,2013-01-01 22:00:00+00:00,2026-08-21 17:00:00+00:00,242,134,108,55.371900826446286,25.999999999999986,0.10743801652892557,1.2407407407407407,2599.999999999999,25.99999999999999,-900.0000000000018,-9.000000000000018,7.966942148760331,124,118,15.999999999999986,10.0,134,108,0,524.8876033057852,493,259,0
0.3,eurusd,H4,21210,2013-01-01 22:00:00+00:00,2026-08-21 17:00:00+00:00,245,138,107,56.326530612244895,30.999999999999986,0.1265306122448979,1.2897196261682242,3099.999999999999,30.99999999999999,-900.0,-9.0,8.16326530612245,126,119,17.999999999999986,13.0,138,107,0,524.0528571428576,493,262,0
0.4,eurusd,H4,21210,2013-01-01 22:00:00+00:00,2026-08-21 17:00:00+00:00,247,143,104,57.89473684210527,38.999999999999986,0.1578947368421052,1.3749999999999998,3899.999999999999,38.99999999999999,-800.0000000000018,-8.000000000000018,8.279352226720647,125,122,18.999999999999986,20.0,143,104,0,521.6246963562753,493,264,0
0.5,eurusd,H4,21210,2013-01-01 22:00:00+00:00,2026-08-21 17:00:00+00:00,247,149,98,60.32388663967612,50.999999999999986,0.20647773279352222,1.520408163265306,5099.999999999998,50.99999999999998,-600.0,-6.0,7.987854251012146,125,122,26.999999999999986,24.0,149,98,0,511.1042510121459,493,264,0
0.75,eurusd,H4,21210,2013-01-01 22:00:00+00:00,2026-08-21 17:00:00+00:00,248,156,92,62.903225806451616,63.999999999999986,0.2580645161290322,1.6956521739130432,6399.999999999998,63.99999999999998,-400.0,-4.0,7.282258064516129,124,124,33.999999999999986,30.0,156,92,0,486.57056451612976,493,263,0
1.0,eurusd,H4,21210,2013-01-01 22:00:00+00:00,2026-08-21 17:00:00+00:00,248,162,86,65.32258064516128,75.99999999999999,0.30645161290322576,1.883720930232558,7599.999999999998,75.99999999999997,-400.0,-4.0,7.495967741935484,125,123,40.999999999999986,35.0,162,86,0,475.42338709677466,493,264,0
0.0,eurusd,D1,6307,2002-05-07 00:00:00+00:00,2026-08-21 00:00:00+00:00,38,22,16,57.89473684210527,6.0,0.15789473684210525,1.375,600.0,6.0,-500.0,-5.0,2.5526315789473686,15,23,-1.0,7.0,22,16,0,666.9342105263154,228,38,0
0.1,eurusd,D1,6307,2002-05-07 00:00:00+00:00,2026-08-21 00:00:00+00:00,40,23,17,57.49999999999999,6.0,0.15,1.3529411764705883,600.0,6.0,-500.0,-5.0,2.075,16,24,0.0,6.0,23,17,0,647.304999999998,228,40,0
0.2,eurusd,D1,6307,2002-05-07 00:00:00+00:00,2026-08-21 00:00:00+00:00,42,23,19,54.761904761904766,4.0,0.09523809523809523,1.2105263157894737,400.0,4.0,-500.0,-5.0,2.0476190476190474,18,24,-2.0,6.0,23,19,0,635.6428571428563,228,42,0
0.3,eurusd,D1,6307,2002-05-07 00:00:00+00:00,2026-08-21 00:00:00+00:00,43,24,19,55.81395348837209,5.0,0.11627906976744186,1.263157894736842,500.0,5.0,-500.0,-5.0,2.0232558139534884,19,24,-1.0,6.0,24,19,0,629.9197674418602,228,43,0
0.4,eurusd,D1,6307,2002-05-07 00:00:00+00:00,2026-08-21 00:00:00+00:00,43,24,19,55.81395348837209,5.0,0.11627906976744186,1.263157894736842,500.0,5.0,-400.0,-4.0,2.0,20,23,0.0,5.0,24,19,0,614.7511627906977,228,43,0
0.5,eurusd,D1,6307,2002-05-07 00:00:00+00:00,2026-08-21 00:00:00+00:00,46,26,20,56.52173913043478,6.0,0.13043478260869565,1.3,600.0,6.0,-400.0,-4.0,1.9130434782608696,21,25,1.0,5.0,26,20,0,603.0217391304343,228,46,0
0.75,eurusd,D1,6307,2002-05-07 00:00:00+00:00,2026-08-21 00:00:00+00:00,49,30,19,61.224489795918366,11.0,0.22448979591836735,1.5789473684210527,1100.0,11.0,-400.0,-4.0,1.7142857142857142,23,26,1.0,10.0,30,19,0,556.3571428571393,228,49,0
1.0,eurusd,D1,6307,2002-05-07 00:00:00+00:00,2026-08-21 00:00:00+00:00,51,32,19,62.745098039215684,13.0,0.2549019607843137,1.6842105263157894,1300.0,13.0,-400.0,-4.0,1.7450980392156863,26,25,-2.0,15.0,32,19,0,571.4607843137238,228,51,0
0.0,gbpusd,M5,20086,2026-05-17 21:05:00+00:00,2026-08-21 20:55:00+00:00,6,4,2,66.66666666666666,2.0,0.3333333333333333,2.0,200.0,2.0,-100.0,-1.0,124.33333333333333,5,1,1.0,1.0,4,2,0,325.50000000000074,8,6,0
0.1,gbpusd,M5,20086,2026-05-17 21:05:00+00:00,2026-08-21 20:55:00+00:00,6,4,2,66.66666666666666,2.0,0.3333333333333333,2.0,200.0,2.0,-100.0,-1.0,124.33333333333333,5,1,1.0,1.0,4,2,0,322.8500000000004,8,6,0
0.2,gbpusd,M5,20086,2026-05-17 21:05:00+00:00,2026-08-21 20:55:00+00:00,6,4,2,66.66666666666666,2.0,0.3333333333333333,2.0,200.0,2.0,-100.0,-1.0,124.16666666666667,5,1,1.0,1.0,4,2,0,320.2000000000001,8,6,0
0.3,gbpusd,M5,20086,2026-05-17 21:05:00+00:00,2026-08-21 20:55:00+00:00,6,4,2,66.66666666666666,2.0,0.3333333333333333,2.0,200.0,2.0,-100.0,-1.0,123.83333333333333,5,1,1.0,1.0,4,2,0,317.5499999999998,8,6,0
0.4,gbpusd,M5,20086,2026-05-17 21:05:00+00:00,2026-08-21 20:55:00+00:00,6,4,2,66.66666666666666,2.0,0.3333333333333333,2.0,200.0,2.0,-100.0,-1.0,123.83333333333333,5,1,1.0,1.0,4,2,0,314.8999999999994,8,6,0
0.5,gbpusd,M5,20086,2026-05-17 21:05:00+00:00,2026-08-21 20:55:00+00:00,6,4,2,66.66666666666666,2.0,0.3333333333333333,2.0,200.0,2.0,-100.0,-1.0,123.5,5,1,1.0,1.0,4,2,0,312.2500000000065,8,6,0
0.75,gbpusd,M5,20086,2026-05-17 21:05:00+00:00,2026-08-21 20:55:00+00:00,6,4,2,66.66666666666666,2.0,0.3333333333333333,2.0,200.0,2.0,-100.0,-1.0,71.0,5,1,1.0,1.0,4,2,0,305.62500000000193,8,6,0
1.0,gbpusd,M5,20086,2026-05-17 21:05:00+00:00,2026-08-21 20:55:00+00:00,6,5,1,83.33333333333334,4.0,0.6666666666666666,5.0,400.0,4.0,-100.0,-1.0,55.833333333333336,5,1,3.0,1.0,5,1,0,299.0000000000011,8,6,0
0.0,gbpusd,M15,22174,2025-09-30 21:00:00+00:00,2026-08-21 20:45:00+00:00,57,23,34,40.35087719298245,-11.0,-0.19298245614035087,0.6764705882352942,-1100.0,-11.0,-1300.0,-13.0,40.94736842105263,35,22,-3.0,-8.0,23,34,0,303.01754385964784,82,59,0
0.1,gbpusd,M15,22174,2025-09-30 21:00:00+00:00,2026-08-21 20:45:00+00:00,58,25,33,43.103448275862064,-8.0,-0.13793103448275862,0.7575757575757576,-800.0,-8.0,-1000.0,-10.0,38.94827586206897,36,22,-2.0,-6.0,25,33,0,294.26379310344646,82,59,0
0.2,gbpusd,M15,22174,2025-09-30 21:00:00+00:00,2026-08-21 20:45:00+00:00,58,25,33,43.103448275862064,-8.0,-0.13793103448275862,0.7575757575757576,-800.0,-8.0,-1000.0,-10.0,37.775862068965516,36,22,-2.0,-6.0,25,33,0,288.97586206896426,82,59,0
0.3,gbpusd,M15,22174,2025-09-30 21:00:00+00:00,2026-08-21 20:45:00+00:00,58,25,33,43.103448275862064,-8.0,-0.13793103448275862,0.7575757575757576,-800.0,-8.0,-1000.0,-10.0,37.706896551724135,36,22,-2.0,-6.0,25,33,0,283.68793103448274,82,59,0
0.4,gbpusd,M15,22174,2025-09-30 21:00:00+00:00,2026-08-21 20:45:00+00:00,58,25,33,43.103448275862064,-8.0,-0.13793103448275862,0.7575757575757576,-800.0,-8.0,-1000.0,-10.0,37.63793103448276,36,22,-2.0,-6.0,25,33,0,278.3999999999989,82,59,0
0.5,gbpusd,M15,22174,2025-09-30 21:00:00+00:00,2026-08-21 20:45:00+00:00,58,25,33,43.103448275862064,-8.0,-0.13793103448275862,0.7575757575757576,-800.0,-8.0,-1000.0,-10.0,36.1551724137931,36,22,-2.0,-6.0,25,33,0,273.1120689655159,82,59,0
0.75,gbpusd,M15,22174,2025-09-30 21:00:00+00:00,2026-08-21 20:45:00+00:00,59,30,29,50.847457627118644,1.0,0.01694915254237288,1.0344827586206897,100.0,1.0,-600.0,-6.0,38.49152542372882,37,22,5.0,-4.0,30,29,0,274.9491525423714,82,60,0
1.0,gbpusd,M15,22174,2025-09-30 21:00:00+00:00,2026-08-21 20:45:00+00:00,60,33,27,55.00000000000001,6.0,0.1,1.2222222222222223,600.0,6.0,-400.0,-4.0,25.9,38,22,8.0,-2.0,33,27,0,257.39999999999907,82,60,0
0.0,gbpusd,H1,22655,2023-01-01 23:00:00+00:00,2026-08-21 20:00:00+00:00,147,66,81,44.89795918367347,-15.0,-0.10204081632653061,0.8148148148148148,-1500.0,-15.0,-1600.0,-16.0,17.408163265306122,77,70,-15.0,0.0,66,81,0,401.8911564625847,248,155,0
0.1,gbpusd,H1,22655,2023-01-01 23:00:00+00:00,2026-08-21 20:00:00+00:00,147,66,81,44.89795918367347,-15.0,-0.10204081632653061,0.8148148148148148,-1500.0,-15.0,-1600.0,-16.0,17.258503401360546,77,70,-15.0,0.0,66,81,0,394.86122448979586,248,155,0
0.2,gbpusd,H1,22655,2023-01-01 23:00:00+00:00,2026-08-21 20:00:00+00:00,147,69,78,46.93877551020408,-9.0,-0.061224489795918366,0.8846153846153846,-900.0,-9.0,-1100.0,-11.0,17.1156462585034,77,70,-13.0,4.0,69,78,0,387.83129251700706,248,155,0
0.3,gbpusd,H1,22655,2023-01-01 23:00:00+00:00,2026-08-21 20:00:00+00:00,147,70,77,47.61904761904761,-7.0,-0.047619047619047616,0.9090909090909091,-700.0,-7.000000000000001,-1100.0,-11.0,17.020408163265305,77,70,-13.0,6.0,70,77,0,380.8013605442177,248,155,0
0.4,gbpusd,H1,22655,2023-01-01 23:00:00+00:00,2026-08-21 20:00:00+00:00,147,71,76,48.29931972789115,-5.0,-0.034013605442176874,0.9342105263157895,-500.0,-5.0,-1100.0,-11.0,16.897959183673468,77,70,-11.0,6.0,71,76,0,373.7714285714287,248,155,0
0.5,gbpusd,H1,22655,2023-01-01 23:00:00+00:00,2026-08-21 20:00:00+00:00,146,71,75,48.63013698630137,-4.0,-0.0273972602739726,0.9466666666666667,-400.0,-4.0,-1000.0,-10.0,16.958904109589042,76,70,-10.0,6.0,71,75,0,369.2945205479456,248,154,0
0.75,gbpusd,H1,22655,2023-01-01 23:00:00+00:00,2026-08-21 20:00:00+00:00,148,78,70,52.702702702702695,8.0,0.05405405405405406,1.1142857142857143,800.0,8.0,-700.0,-7.000000000000001,15.89864864864865,77,71,-7.0,15.0,78,70,0,350.6013513513518,248,154,0
1.0,gbpusd,H1,22655,2023-01-01 23:00:00+00:00,2026-08-21 20:00:00+00:00,146,80,66,54.794520547945204,14.0,0.0958904109589041,1.2121212121212122,1400.0,14.000000000000002,-600.0,-6.0,15.363013698630137,76,70,-4.0,18.0,80,66,0,343.8698630136991,248,153,0
0.0,gbpusd,H4,21210,2013-01-01 22:00:00+00:00,2026-08-21 17:00:00+00:00,230,112,118,48.69565217391305,-6.0,-0.02608695652173913,0.9491525423728814,-600.0,-6.0,-2200.0,-22.0,6.447826086956522,131,99,-1.0,-5.0,112,118,0,576.6869565217396,547,237,0
0.1,gbpusd,H4,21210,2013-01-01 22:00:00+00:00,2026-08-21 17:00:00+00:00,231,117,114,50.649350649350644,3.0,0.012987012987012988,1.0263157894736843,300.0,3.0,-1800.0,-18.0,6.528138528138528,131,100,5.0,-2.0,117,114,0,574.4833333333339,547,238,0
0.2,gbpusd,H4,21210,2013-01-01 22:00:00+00:00,2026-08-21 17:00:00+00:00,230,118,112,51.30434782608696,6.0,0.02608695652173913,1.0535714285714286,600.0,6.0,-1700.0,-17.0,6.369565217391305,130,100,6.0,0.0,118,112,0,568.797391304348,547,238,0
0.3,gbpusd,H4,21210,2013-01-01 22:00:00+00:00,2026-08-21 17:00:00+00:00,234,124,110,52.991452991452995,14.0,0.05982905982905983,1.1272727272727272,1400.0,14.000000000000002,-1500.0,-15.0,6.183760683760684,132,102,12.0,2.0,124,110,0,555.5993589743599,547,240,0
0.4,gbpusd,H4,21210,2013-01-01 22:00:00+00:00,2026-08-21 17:00:00+00:00,236,125,111,52.96610169491526,14.0,0.059322033898305086,1.1261261261261262,1400.0,14.000000000000002,-1400.0,-14.000000000000002,5.915254237288136,132,104,12.0,2.0,125,111,0,546.1546610169496,547,242,0
0.5,gbpusd,H4,21210,2013-01-01 22:00:00+00:00,2026-08-21 17:00:00+00:00,238,130,108,54.621848739495796,22.0,0.09243697478991597,1.2037037037037037,2200.0,22.0,-1400.0,-14.000000000000002,5.882352941176471,133,105,19.0,3.0,130,108,0,540.9096638655467,547,244,0
0.75,gbpusd,H4,21210,2013-01-01 22:00:00+00:00,2026-08-21 17:00:00+00:00,241,135,106,56.016597510373444,29.0,0.12033195020746888,1.2735849056603774,2900.0,28.999999999999996,-1000.0,-10.0,5.5850622406639,134,107,24.0,5.0,135,106,0,532.5031120331953,547,246,0
1.0,gbpusd,H4,21210,2013-01-01 22:00:00+00:00,2026-08-21 17:00:00+00:00,240,139,101,57.91666666666667,38.0,0.15833333333333333,1.3762376237623761,3800.0,38.0,-600.0,-6.0,5.791666666666667,131,109,29.0,9.0,139,101,0,525.2437500000003,547,246,0
0.0,gbpusd,D1,6311,2002-05-07 00:00:00+00:00,2026-08-21 00:00:00+00:00,25,15,10,60.0,5.0,0.2,1.5,500.0,5.0,-400.0,-4.0,1.68,15,10,1.0,4.0,15,10,0,570.7399999999998,216,25,0
0.1,gbpusd,D1,6311,2002-05-07 00:00:00+00:00,2026-08-21 00:00:00+00:00,27,17,10,62.96296296296296,7.0,0.25925925925925924,1.7,700.0,7.000000000000001,-400.0,-4.0,1.6296296296296295,14,13,2.0,5.0,17,10,0,601.1296296296284,216,27,0
0.2,gbpusd,D1,6311,2002-05-07 00:00:00+00:00,2026-08-21 00:00:00+00:00,31,18,13,58.06451612903226,5.0,0.16129032258064516,1.3846153846153846,500.0,5.0,-400.0,-4.0,1.6774193548387097,16,15,2.0,3.0,18,13,0,613.5967741935463,216,31,0
0.3,gbpusd,D1,6311,2002-05-07 00:00:00+00:00,2026-08-21 00:00:00+00:00,33,20,13,60.60606060606061,7.0,0.21212121212121213,1.5384615384615385,700.0,7.000000000000001,-400.0,-4.0,1.696969696969697,18,15,4.0,3.0,20,13,0,595.6621212121204,216,33,0
0.4,gbpusd,D1,6311,2002-05-07 00:00:00+00:00,2026-08-21 00:00:00+00:00,33,21,12,63.63636363636363,9.0,0.2727272727272727,1.75,900.0,9.0,-400.0,-4.0,1.696969696969697,17,16,5.0,4.0,21,12,0,584.6666666666644,216,33,0
0.5,gbpusd,D1,6311,2002-05-07 00:00:00+00:00,2026-08-21 00:00:00+00:00,35,23,12,65.71428571428571,11.0,0.3142857142857143,1.9166666666666667,1100.0,11.0,-200.0,-2.0,1.4,17,18,9.0,2.0,23,12,0,568.6999999999953,216,35,0
0.75,gbpusd,D1,6311,2002-05-07 00:00:00+00:00,2026-08-21 00:00:00+00:00,43,31,12,72.09302325581395,19.0,0.4418604651162791,2.5833333333333335,1900.0,19.0,-200.0,-2.0,1.3953488372093024,24,19,12.0,7.0,31,12,0,572.6191860465108,216,43,0
1.0,gbpusd,D1,6311,2002-05-07 00:00:00+00:00,2026-08-21 00:00:00+00:00,45,36,9,80.0,27.0,0.6,4.0,2700.0,27.0,-200.0,-2.0,1.4222222222222223,28,17,18.0,9.0,36,9,0,565.7444444444421,216,45,0
0.0,us100,M5,21307,2026-05-10 22:00:00+00:00,2026-08-21 20:55:00+00:00,218,110,108,50.45871559633027,2.0,0.009174311926605505,1.0185185185185186,200.0,2.0,-1700.0,-17.0,7.513761467889908,112,106,0.0,2.0,110,108,0,462.2064220183497,404,223,0
0.1,us100,M5,21307,2026-05-10 22:00:00+00:00,2026-08-21 20:55:00+00:00,219,114,105,52.054794520547944,9.0,0.0410958904109589,1.0857142857142856,900.0,9.0,-1300.0,-13.0,7.219178082191781,113,106,5.0,4.0,114,105,0,454.0538812785404,404,223,0
0.2,us100,M5,21307,2026-05-10 22:00:00+00:00,2026-08-21 20:55:00+00:00,222,115,107,51.80180180180181,8.0,0.036036036036036036,1.074766355140187,800.0,8.0,-1400.0,-14.000000000000002,7.2792792792792795,115,107,3.0,5.0,115,107,0,449.3729729729727,404,226,0
0.3,us100,M5,21307,2026-05-10 22:00:00+00:00,2026-08-21 20:55:00+00:00,221,119,102,53.84615384615385,17.0,0.07692307692307693,1.1666666666666667,1700.0,17.0,-1000.0,-10.0,7.049773755656108,114,107,8.0,9.0,119,102,0,439.2135746606351,404,225,0
0.4,us100,M5,21307,2026-05-10 22:00:00+00:00,2026-08-21 20:55:00+00:00,221,121,100,54.75113122171946,21.0,0.09502262443438914,1.21,2100.0,21.0,-800.0,-8.0,6.909502262443439,114,107,8.0,13.0,121,100,0,432.0461538461544,404,224,0
0.5,us100,M5,21307,2026-05-10 22:00:00+00:00,2026-08-21 20:55:00+00:00,222,125,97,56.30630630630631,28.0,0.12612612612612611,1.288659793814433,2800.0,28.000000000000004,-700.0,-7.000000000000001,6.612612612612613,115,107,11.0,17.0,125,97,0,423.0833333333344,404,224,0
0.75,us100,M5,21307,2026-05-10 22:00:00+00:00,2026-08-21 20:55:00+00:00,223,135,88,60.53811659192825,47.0,0.21076233183856502,1.5340909090909092,4700.0,47.0,-600.0,-6.0,6.609865470852018,116,107,22.0,25.0,135,88,0,413.04147982062756,404,225,0
1.0,us100,M5,21307,2026-05-10 22:00:00+00:00,2026-08-21 20:55:00+00:00,212,137,75,64.62264150943396,62.0,0.29245283018867924,1.8266666666666667,6200.0,62.0,-500.0,-5.0,6.367924528301887,113,99,31.0,31.0,137,75,0,404.34433962264245,404,213,0
0.0,us100,M15,21857,2025-09-30 21:00:00+00:00,2026-08-21 20:45:00+00:00,183,108,75,59.01639344262295,33.0,0.18032786885245902,1.44,3300.0,33.0,-800.0,-8.0,5.1530054644808745,112,71,16.0,17.0,108,75,0,472.43169398907105,466,188,0
0.1,us100,M15,21857,2025-09-30 21:00:00+00:00,2026-08-21 20:45:00+00:00,187,112,75,59.893048128342244,37.0,0.19786096256684493,1.4933333333333334,3700.0,37.0,-800.0,-8.0,4.957219251336898,113,74,21.0,16.0,112,75,0,470.6844919786094,466,192,0
0.2,us100,M15,21857,2025-09-30 21:00:00+00:00,2026-08-21 20:45:00+00:00,191,117,74,61.25654450261781,43.0,0.225130890052356,1.5810810810810811,4300.0,43.0,-800.0,-8.0,4.680628272251309,115,76,27.0,16.0,117,74,0,465.83246073298324,466,196,0
0.3,us100,M15,21857,2025-09-30 21:00:00+00:00,2026-08-21 20:45:00+00:00,192,119,73,61.979166666666664,46.0,0.23958333333333334,1.63013698630137,4600.0,46.0,-800.0,-8.0,4.65625,115,77,27.0,19.0,119,73,0,457.0322916666676,466,197,0
0.4,us100,M15,21857,2025-09-30 21:00:00+00:00,2026-08-21 20:45:00+00:00,196,122,74,62.244897959183675,48.0,0.24489795918367346,1.6486486486486487,4800.0,48.0,-800.0,-8.0,4.413265306122449,117,79,31.0,17.0,122,74,0,450.2969387755104,466,201,0
0.5,us100,M15,21857,2025-09-30 21:00:00+00:00,2026-08-21 20:45:00+00:00,197,126,71,63.95939086294417,55.0,0.27918781725888325,1.7746478873239437,5500.0,55.00000000000001,-800.0,-8.0,4.284263959390863,118,79,38.0,17.0,126,71,0,437.33756345177693,466,201,0
0.75,us100,M15,21857,2025-09-30 21:00:00+00:00,2026-08-21 20:45:00+00:00,199,133,66,66.83417085427136,67.0,0.33668341708542715,2.015151515151515,6700.0,67.0,-600.0,-6.0,4.055276381909548,116,83,46.0,21.0,133,66,0,421.69472361809017,466,203,0
1.0,us100,M15,21857,2025-09-30 21:00:00+00:00,2026-08-21 20:45:00+00:00,196,134,62,68.36734693877551,72.0,0.3673469387755102,2.161290322580645,7200.0,72.0,-500.0,-5.0,4.3520408163265305,115,81,49.0,23.0,134,62,0,395.93367346938714,466,202,0
0.0,us100,H1,21841,2023-01-02 23:00:00+00:00,2026-08-21 20:00:00+00:00,144,79,65,54.861111111111114,14.0,0.09722222222222222,1.2153846153846153,1400.0,14.000000000000002,-700.0,-7.000000000000001,4.395833333333333,99,45,9.0,5.0,79,65,0,559.4930555555553,543,147,0
0.1,us100,H1,21841,2023-01-02 23:00:00+00:00,2026-08-21 20:00:00+00:00,148,80,68,54.054054054054056,12.0,0.08108108108108109,1.1764705882352942,1200.0,12.0,-700.0,-7.000000000000001,4.027027027027027,100,48,10.0,2.0,80,68,0,552.0432432432423,543,151,0
0.2,us100,H1,21841,2023-01-02 23:00:00+00:00,2026-08-21 20:00:00+00:00,148,83,65,56.08108108108109,18.0,0.12162162162162163,1.2769230769230768,1800.0,18.0,-700.0,-7.000000000000001,3.8716216216216215,99,49,13.0,5.0,83,65,0,544.8094594594588,543,151,0
0.3,us100,H1,21841,2023-01-02 23:00:00+00:00,2026-08-21 20:00:00+00:00,151,86,65,56.95364238410596,21.0,0.1390728476821192,1.323076923076923,2100.0,21.0,-700.0,-7.000000000000001,3.9205298013245033,101,50,15.0,6.0,86,65,0,531.5993377483445,543,154,0
0.4,us100,H1,21841,2023-01-02 23:00:00+00:00,2026-08-21 20:00:00+00:00,150,85,65,56.666666666666664,20.0,0.13333333333333333,1.3076923076923077,2000.0,20.0,-700.0,-7.000000000000001,4.02,100,50,14.0,6.0,85,65,0,519.7600000000001,543,153,0
0.5,us100,H1,21841,2023-01-02 23:00:00+00:00,2026-08-21 20:00:00+00:00,151,86,65,56.95364238410596,21.0,0.1390728476821192,1.323076923076923,2100.0,21.0,-600.0,-6.0,4.185430463576159,100,51,16.0,5.0,86,65,0,513.794701986754,543,154,0
0.75,us100,H1,21841,2023-01-02 23:00:00+00:00,2026-08-21 20:00:00+00:00,156,94,62,60.256410256410255,32.0,0.20512820512820512,1.5161290322580645,3200.0,32.0,-700.0,-7.000000000000001,4.089743589743589,103,53,25.0,7.0,94,62,0,502.1682692307694,543,159,0
1.0,us100,H1,21841,2023-01-02 23:00:00+00:00,2026-08-21 20:00:00+00:00,154,101,53,65.5844155844156,48.0,0.3116883116883117,1.9056603773584906,4800.0,48.0,-400.0,-4.0,3.8506493506493507,100,54,34.0,14.0,101,53,0,485.8441558441553,543,157,0
0.0,us100,H4,14187,2017-04-30 22:00:00+00:00,2026-08-21 17:00:00+00:00,93,48,45,51.61290322580645,3.0,0.03225806451612903,1.0666666666666667,300.0,3.0,-700.0,-7.000000000000001,5.354838709677419,71,22,5.0,-2.0,48,45,0,606.5913978494617,440,96,0
0.1,us100,H4,14187,2017-04-30 22:00:00+00:00,2026-08-21 17:00:00+00:00,94,48,46,51.06382978723404,2.0,0.02127659574468085,1.0434782608695652,200.0,2.0,-700.0,-7.000000000000001,5.627659574468085,70,24,6.0,-4.0,48,46,0,599.0212765957438,440,98,0
0.2,us100,H4,14187,2017-04-30 22:00:00+00:00,2026-08-21 17:00:00+00:00,94,50,44,53.191489361702125,6.0,0.06382978723404255,1.1363636363636365,600.0,6.0,-500.0,-5.0,5.574468085106383,71,23,9.0,-3.0,50,44,0,595.9489361702124,440,98,0
0.3,us100,H4,14187,2017-04-30 22:00:00+00:00,2026-08-21 17:00:00+00:00,95,51,44,53.68421052631579,7.0,0.07368421052631578,1.1590909090909092,700.0,7.000000000000001,-600.0,-6.0,5.536842105263158,71,24,9.0,-2.0,51,44,0,596.0347368421054,440,99,0
0.4,us100,H4,14187,2017-04-30 22:00:00+00:00,2026-08-21 17:00:00+00:00,95,50,45,52.63157894736842,5.0,0.05263157894736842,1.1111111111111112,500.0,5.0,-600.0,-6.0,5.515789473684211,71,24,9.0,-4.0,50,45,0,590.8736842105262,440,99,0
0.5,us100,H4,14187,2017-04-30 22:00:00+00:00,2026-08-21 17:00:00+00:00,95,51,44,53.68421052631579,7.0,0.07368421052631578,1.1590909090909092,700.0,7.000000000000001,-700.0,-7.000000000000001,5.831578947368421,71,24,11.0,-4.0,51,44,0,585.3684210526322,440,100,0
0.75,us100,H4,14187,2017-04-30 22:00:00+00:00,2026-08-21 17:00:00+00:00,94,54,40,57.446808510638306,14.0,0.14893617021276595,1.35,1400.0,14.000000000000002,-800.0,-8.0,5.73404255319149,74,20,14.0,0.0,54,40,0,595.164893617022,440,98,0
1.0,us100,H4,14187,2017-04-30 22:00:00+00:00,2026-08-21 17:00:00+00:00,97,61,36,62.88659793814433,25.0,0.25773195876288657,1.6944444444444444,2500.0,25.0,-600.0,-6.0,5.185567010309279,74,23,22.0,3.0,61,36,0,572.8969072164946,440,101,0
0.0,us100,D1,2897,2015-04-20 00:00:00+00:00,2026-08-21 00:00:00+00:00,15,8,7,53.333333333333336,1.0,0.06666666666666667,1.1428571428571428,100.0,1.0,-300.0,-3.0,1.9333333333333333,13,2,3.0,-2.0,8,7,0,662.5333333333323,95,15,0
0.1,us100,D1,2897,2015-04-20 00:00:00+00:00,2026-08-21 00:00:00+00:00,15,9,6,60.0,3.0,0.2,1.5,300.0,3.0,-200.0,-2.0,1.8,13,2,3.0,0.0,9,6,0,676.5866666666656,95,15,0
0.2,us100,D1,2897,2015-04-20 00:00:00+00:00,2026-08-21 00:00:00+00:00,16,10,6,62.5,4.0,0.25,1.6666666666666667,400.0,4.0,-200.0,-2.0,1.6875,13,3,3.0,1.0,10,6,0,633.9000000000004,95,16,0
0.3,us100,D1,2897,2015-04-20 00:00:00+00:00,2026-08-21 00:00:00+00:00,16,10,6,62.5,4.0,0.25,1.6666666666666667,400.0,4.0,-100.0,-1.0,1.8125,13,3,3.0,1.0,10,6,0,641.0312500000003,95,16,0
0.4,us100,D1,2897,2015-04-20 00:00:00+00:00,2026-08-21 00:00:00+00:00,16,11,5,68.75,6.0,0.375,2.2,600.0,6.0,-100.0,-1.0,1.625,13,3,5.0,1.0,11,5,0,590.6250000000011,95,16,0
0.5,us100,D1,2897,2015-04-20 00:00:00+00:00,2026-08-21 00:00:00+00:00,16,11,5,68.75,6.0,0.375,2.2,600.0,6.0,-200.0,-2.0,1.5625,12,4,6.0,0.0,11,5,0,612.2187499999995,95,16,0
0.75,us100,D1,2897,2015-04-20 00:00:00+00:00,2026-08-21 00:00:00+00:00,19,13,6,68.42105263157895,7.0,0.3684210526315789,2.1666666666666665,700.0,7.000000000000001,-200.0,-2.0,1.4210526315789473,15,4,7.0,0.0,13,6,0,525.9473684210512,95,19,0
1.0,us100,D1,2897,2015-04-20 00:00:00+00:00,2026-08-21 00:00:00+00:00,19,15,4,78.94736842105263,11.0,0.5789473684210527,3.75,1100.0,11.0,-100.0,-1.0,1.3157894736842106,15,4,11.0,0.0,15,4,0,509.9999999999976,95,19,0
0.0,us30,M5,21299,2026-05-10 22:00:00+00:00,2026-08-21 20:55:00+00:00,165,94,71,56.96969696969697,23.0,0.1393939393939394,1.323943661971831,2300.0,23.0,-600.0,-6.0,6.624242424242424,94,71,12.0,11.0,94,71,0,444.9393939393944,323,170,0
0.1,us30,M5,21299,2026-05-10 22:00:00+00:00,2026-08-21 20:55:00+00:00,166,94,72,56.62650602409639,22.0,0.13253012048192772,1.3055555555555556,2200.0,22.0,-600.0,-6.0,6.698795180722891,94,72,12.0,10.0,94,72,0,435.9933734939762,323,171,0
0.2,us30,M5,21299,2026-05-10 22:00:00+00:00,2026-08-21 20:55:00+00:00,167,95,72,56.886227544910184,23.0,0.1377245508982036,1.3194444444444444,2300.0,23.0,-500.0,-5.0,6.706586826347305,95,72,13.0,10.0,95,72,0,430.5005988023974,323,172,0
0.3,us30,M5,21299,2026-05-10 22:00:00+00:00,2026-08-21 20:55:00+00:00,170,102,68,60.0,34.0,0.2,1.5,3400.0,34.0,-500.0,-5.0,6.370588235294117,95,75,17.0,17.0,102,68,0,423.550588235292,323,174,0
0.4,us30,M5,21299,2026-05-10 22:00:00+00:00,2026-08-21 20:55:00+00:00,170,103,67,60.588235294117645,36.0,0.21176470588235294,1.537313432835821,3600.0,36.0,-500.0,-5.0,6.235294117647059,95,75,17.0,19.0,103,67,0,411.1929411764731,323,174,0
0.5,us30,M5,21299,2026-05-10 22:00:00+00:00,2026-08-21 20:55:00+00:00,167,103,64,61.67664670658682,39.0,0.23353293413173654,1.609375,3900.0,39.0,-600.0,-6.0,6.149700598802395,92,75,20.0,19.0,103,64,0,406.0538922155688,323,171,0
0.75,us30,M5,21299,2026-05-10 22:00:00+00:00,2026-08-21 20:55:00+00:00,170,110,60,64.70588235294117,50.0,0.29411764705882354,1.8333333333333333,5000.0,50.0,-500.0,-5.0,6.847058823529411,92,78,22.0,28.0,110,60,0,398.2588235294157,323,173,0
1.0,us30,M5,21299,2026-05-10 22:00:00+00:00,2026-08-21 20:55:00+00:00,164,114,50,69.51219512195121,64.0,0.3902439024390244,2.28,6400.0,64.0,-300.0,-3.0,6.560975609756097,87,77,33.0,31.0,114,50,0,383.8780487804877,323,167,0
0.0,us30,M15,21855,2025-09-30 21:00:00+00:00,2026-08-21 20:45:00+00:00,164,81,83,49.390243902439025,-2.0,-0.012195121951219513,0.9759036144578314,-200.0,-2.0,-1900.0,-19.0,4.615853658536586,86,78,2.0,-4.0,81,83,0,479.3719512195125,454,166,0
0.1,us30,M15,21855,2025-09-30 21:00:00+00:00,2026-08-21 20:45:00+00:00,168,86,82,51.19047619047619,4.0,0.023809523809523808,1.048780487804878,400.0,4.0,-1700.0,-17.0,4.523809523809524,87,81,5.0,-1.0,86,82,0,473.0095238095245,454,170,0
0.2,us30,M15,21855,2025-09-30 21:00:00+00:00,2026-08-21 20:45:00+00:00,170,89,81,52.352941176470594,8.0,0.047058823529411764,1.0987654320987654,800.0,8.0,-1400.0,-14.000000000000002,4.4,88,82,8.0,0.0,89,81,0,464.4882352941191,454,172,0
0.3,us30,M15,21855,2025-09-30 21:00:00+00:00,2026-08-21 20:45:00+00:00,172,91,81,52.90697674418605,10.0,0.05813953488372093,1.123456790123457,1000.0,10.0,-1400.0,-14.000000000000002,4.226744186046512,91,81,7.0,3.0,91,81,0,456.10930232558405,454,174,0
0.4,us30,M15,21855,2025-09-30 21:00:00+00:00,2026-08-21 20:45:00+00:00,173,93,80,53.75722543352601,13.0,0.07514450867052024,1.1625,1300.0,13.0,-1200.0,-12.0,4.121387283236994,91,82,9.0,4.0,93,80,0,450.3526011560668,454,175,0
0.5,us30,M15,21855,2025-09-30 21:00:00+00:00,2026-08-21 20:45:00+00:00,176,97,79,55.11363636363637,18.0,0.10227272727272728,1.2278481012658229,1800.0,18.0,-1400.0,-14.000000000000002,4.034090909090909,93,83,13.0,5.0,97,79,0,443.36647727272725,454,178,0
0.75,us30,M15,21855,2025-09-30 21:00:00+00:00,2026-08-21 20:45:00+00:00,176,100,76,56.81818181818182,24.0,0.13636363636363635,1.3157894736842106,2400.0,24.0,-1300.0,-13.0,3.835227272727273,96,80,16.0,8.0,100,76,0,413.2173295454558,454,178,0
1.0,us30,M15,21855,2025-09-30 21:00:00+00:00,2026-08-21 20:45:00+00:00,167,106,61,63.47305389221557,45.0,0.2694610778443114,1.7377049180327868,4500.0,45.0,-1300.0,-13.0,3.658682634730539,91,76,23.0,22.0,106,61,0,402.6526946107812,454,169,0
0.0,us30,H1,21841,2023-01-02 23:00:00+00:00,2026-08-21 20:00:00+00:00,129,76,53,58.91472868217055,23.0,0.17829457364341086,1.4339622641509433,2300.0,23.0,-800.0,-8.0,2.875968992248062,79,50,19.0,4.0,76,53,0,574.6124031007757,601,131,0
0.1,us30,H1,21841,2023-01-02 23:00:00+00:00,2026-08-21 20:00:00+00:00,131,78,53,59.541984732824424,25.0,0.19083969465648856,1.471698113207547,2500.0,25.0,-500.0,-5.0,2.8091603053435112,81,50,19.0,6.0,78,53,0,559.6244274809153,601,133,0
0.2,us30,H1,21841,2023-01-02 23:00:00+00:00,2026-08-21 20:00:00+00:00,130,79,51,60.76923076923077,28.0,0.2153846153846154,1.5490196078431373,2800.0,28.000000000000004,-400.0,-4.0,2.8461538461538463,82,48,20.0,8.0,79,51,0,549.689230769231,601,132,0
0.3,us30,H1,21841,2023-01-02 23:00:00+00:00,2026-08-21 20:00:00+00:00,135,83,52,61.48148148148148,31.0,0.22962962962962963,1.5961538461538463,3100.0,31.0,-400.0,-4.0,2.8296296296296295,86,49,22.0,9.0,83,52,0,557.8207407407428,601,137,0
0.4,us30,H1,21841,2023-01-02 23:00:00+00:00,2026-08-21 20:00:00+00:00,138,87,51,63.04347826086957,36.0,0.2608695652173913,1.7058823529411764,3600.0,36.0,-400.0,-4.0,2.869565217391304,87,51,25.0,11.0,87,51,0,554.8927536231895,601,140,0
0.5,us30,H1,21841,2023-01-02 23:00:00+00:00,2026-08-21 20:00:00+00:00,140,87,53,62.142857142857146,34.0,0.24285714285714285,1.6415094339622642,3400.0,34.0,-400.0,-4.0,2.95,86,54,24.0,10.0,87,53,0,547.0642857142868,601,142,0
0.75,us30,H1,21841,2023-01-02 23:00:00+00:00,2026-08-21 20:00:00+00:00,148,97,51,65.54054054054053,46.0,0.3108108108108108,1.9019607843137254,4600.0,46.0,-500.0,-5.0,2.574324324324324,90,58,34.0,12.0,97,51,0,512.8209459459449,601,150,0
1.0,us30,H1,21841,2023-01-02 23:00:00+00:00,2026-08-21 20:00:00+00:00,153,107,46,69.93464052287581,61.0,0.39869281045751637,2.3260869565217392,6100.0,61.0,-500.0,-5.0,2.2745098039215685,89,64,41.0,20.0,107,46,0,511.34640522875617,601,155,0
0.0,us30,H4,14102,2017-04-30 22:00:00+00:00,2026-08-21 17:00:00+00:00,35,16,19,45.714285714285715,-3.0,-0.08571428571428572,0.8421052631578947,-300.0,-3.0,-600.0,-6.0,1.6,30,5,-2.0,-1.0,16,19,0,587.114285714284,423,35,0
0.1,us30,H4,14102,2017-04-30 22:00:00+00:00,2026-08-21 17:00:00+00:00,37,17,20,45.94594594594595,-3.0,-0.08108108108108109,0.85,-300.0,-3.0,-600.0,-6.0,1.4594594594594594,32,5,-2.0,-1.0,17,20,0,554.4810810810806,423,37,0
0.2,us30,H4,14102,2017-04-30 22:00:00+00:00,2026-08-21 17:00:00+00:00,37,17,20,45.94594594594595,-3.0,-0.08108108108108109,0.85,-300.0,-3.0,-700.0,-7.000000000000001,1.3783783783783783,31,6,-1.0,-2.0,17,20,0,550.318918918917,423,37,0
0.3,us30,H4,14102,2017-04-30 22:00:00+00:00,2026-08-21 17:00:00+00:00,38,20,18,52.63157894736842,2.0,0.05263157894736842,1.1111111111111112,200.0,2.0,-500.0,-5.0,1.263157894736842,31,7,3.0,-1.0,20,18,0,541.797368421057,423,38,0
0.4,us30,H4,14102,2017-04-30 22:00:00+00:00,2026-08-21 17:00:00+00:00,42,21,21,50.0,0.0,0.0,1.0,0.0,0.0,-500.0,-5.0,1.4523809523809523,32,10,4.0,-4.0,21,21,0,554.771428571427,423,42,0
0.5,us30,H4,14102,2017-04-30 22:00:00+00:00,2026-08-21 17:00:00+00:00,46,24,22,52.17391304347826,2.0,0.043478260869565216,1.0909090909090908,200.0,2.0,-500.0,-5.0,1.3478260869565217,35,11,5.0,-3.0,24,22,0,536.097826086954,423,46,0
0.75,us30,H4,14102,2017-04-30 22:00:00+00:00,2026-08-21 17:00:00+00:00,46,24,22,52.17391304347826,2.0,0.043478260869565216,1.0909090909090908,200.0,2.0,-500.0,-5.0,1.4782608695652173,35,11,5.0,-3.0,24,22,0,485.9673913043488,423,46,0
1.0,us30,H4,14102,2017-04-30 22:00:00+00:00,2026-08-21 17:00:00+00:00,38,25,13,65.78947368421053,12.0,0.3157894736842105,1.9230769230769231,1200.0,12.0,-200.0,-2.0,1.368421052631579,30,8,14.0,-2.0,25,13,0,535.473684210529,423,38,0
0.0,us30,D1,2403,2017-05-01 00:00:00+00:00,2026-08-21 00:00:00+00:00,4,2,2,50.0,0.0,0.0,1.0,0.0,0.0,-100.0,-1.0,1.0,2,2,0.0,0.0,2,2,0,632.7499999999964,92,4,0
0.1,us30,D1,2403,2017-05-01 00:00:00+00:00,2026-08-21 00:00:00+00:00,5,2,3,40.0,-1.0,-0.2,0.6666666666666666,-100.0,-1.0,-100.0,-1.0,1.0,3,2,-1.0,0.0,2,3,0,468.26000000000204,92,5,0
0.2,us30,D1,2403,2017-05-01 00:00:00+00:00,2026-08-21 00:00:00+00:00,4,2,2,50.0,0.0,0.0,1.0,0.0,0.0,-100.0,-1.0,1.0,2,2,0.0,0.0,2,2,0,313.75,92,4,0
0.3,us30,D1,2403,2017-05-01 00:00:00+00:00,2026-08-21 00:00:00+00:00,4,3,1,75.0,2.0,0.5,3.0,200.0,2.0,0.0,0.0,1.0,2,2,0.0,2.0,3,1,0,485.92499999997017,92,4,0
0.4,us30,D1,2403,2017-05-01 00:00:00+00:00,2026-08-21 00:00:00+00:00,6,3,3,50.0,0.0,0.0,1.0,0.0,0.0,-200.0,-2.0,1.0,4,2,-2.0,2.0,3,3,0,565.7666666666531,92,6,0
0.5,us30,D1,2403,2017-05-01 00:00:00+00:00,2026-08-21 00:00:00+00:00,7,3,4,42.857142857142854,-1.0,-0.14285714285714285,0.75,-100.0,-1.0,-300.0,-3.0,1.0,5,2,-3.0,2.0,3,4,0,449.3571428571574,92,7,0
0.75,us30,D1,2403,2017-05-01 00:00:00+00:00,2026-08-21 00:00:00+00:00,3,1,2,33.33333333333333,-1.0,-0.3333333333333333,0.5,-100.0,-1.0,-100.0,-1.0,1.0,2,1,-2.0,1.0,1,2,0,569.2499999999806,92,3,0
1.0,us30,D1,2403,2017-05-01 00:00:00+00:00,2026-08-21 00:00:00+00:00,5,3,2,60.0,1.0,0.2,1.5,100.0,1.0,-100.0,-1.0,1.0,4,1,0.0,1.0,3,2,0,400.99999999998545,92,5,0
0.0,us500,M5,21257,2026-05-10 22:00:00+00:00,2026-08-21 20:55:00+00:00,13,5,8,38.46153846153847,-3.0,-0.23076923076923078,0.625,-300.0,-3.0,-600.0,-6.0,41.07692307692308,7,6,-3.0,0.0,5,8,0,280.2307692307694,16,13,0
0.1,us500,M5,21257,2026-05-10 22:00:00+00:00,2026-08-21 20:55:00+00:00,13,5,8,38.46153846153847,-3.0,-0.23076923076923078,0.625,-300.0,-3.0,-600.0,-6.0,41.07692307692308,7,6,-3.0,0.0,5,8,0,275.90000000000003,16,13,0
0.2,us500,M5,21257,2026-05-10 22:00:00+00:00,2026-08-21 20:55:00+00:00,13,5,8,38.46153846153847,-3.0,-0.23076923076923078,0.625,-300.0,-3.0,-600.0,-6.0,41.07692307692308,7,6,-3.0,0.0,5,8,0,271.56923076923005,16,13,0
0.3,us500,M5,21257,2026-05-10 22:00:00+00:00,2026-08-21 20:55:00+00:00,13,5,8,38.46153846153847,-3.0,-0.23076923076923078,0.625,-300.0,-3.0,-600.0,-6.0,41.07692307692308,7,6,-3.0,0.0,5,8,0,267.2384615384614,16,13,0
0.4,us500,M5,21257,2026-05-10 22:00:00+00:00,2026-08-21 20:55:00+00:00,13,5,8,38.46153846153847,-3.0,-0.23076923076923078,0.625,-300.0,-3.0,-600.0,-6.0,41.07692307692308,7,6,-3.0,0.0,5,8,0,262.9076923076921,16,13,0
0.5,us500,M5,21257,2026-05-10 22:00:00+00:00,2026-08-21 20:55:00+00:00,13,5,8,38.46153846153847,-3.0,-0.23076923076923078,0.625,-300.0,-3.0,-600.0,-6.0,41.07692307692308,7,6,-3.0,0.0,5,8,0,258.5769230769242,16,13,0
0.75,us500,M5,21257,2026-05-10 22:00:00+00:00,2026-08-21 20:55:00+00:00,13,5,8,38.46153846153847,-3.0,-0.23076923076923078,0.625,-300.0,-3.0,-600.0,-6.0,41.07692307692308,7,6,-3.0,0.0,5,8,0,247.74999999999915,16,13,0
1.0,us500,M5,21257,2026-05-10 22:00:00+00:00,2026-08-21 20:55:00+00:00,12,5,7,41.66666666666667,-2.0,-0.16666666666666666,0.7142857142857143,-200.0,-2.0,-500.0,-5.0,44.416666666666664,6,6,-2.0,0.0,5,7,0,257.0833333333333,16,12,0
0.0,us500,M15,21838,2025-09-30 21:00:00+00:00,2026-08-21 20:45:00+00:00,50,20,30,40.0,-10.0,-0.2,0.6666666666666666,-1000.0,-10.0,-1600.0,-16.0,32.38,26,24,-2.0,-8.0,20,30,0,317.9999999999989,84,57,0
0.1,us500,M15,21838,2025-09-30 21:00:00+00:00,2026-08-21 20:45:00+00:00,51,21,30,41.17647058823529,-9.0,-0.17647058823529413,0.7,-900.0,-9.0,-1600.0,-16.0,31.96078431372549,26,25,-2.0,-7.0,21,30,0,325.4803921568619,84,58,0
0.2,us500,M15,21838,2025-09-30 21:00:00+00:00,2026-08-21 20:45:00+00:00,51,21,30,41.17647058823529,-9.0,-0.17647058823529413,0.7,-900.0,-9.0,-1600.0,-16.0,31.96078431372549,26,25,-2.0,-7.0,21,30,0,319.4901960784304,84,58,0
0.3,us500,M15,21838,2025-09-30 21:00:00+00:00,2026-08-21 20:45:00+00:00,51,22,29,43.13725490196079,-7.0,-0.13725490196078433,0.7586206896551724,-700.0,-7.000000000000001,-1500.0,-15.0,30.54901960784314,26,25,0.0,-7.0,22,29,0,313.4999999999983,84,58,0
0.4,us500,M15,21838,2025-09-30 21:00:00+00:00,2026-08-21 20:45:00+00:00,51,22,29,43.13725490196079,-7.0,-0.13725490196078433,0.7586206896551724,-700.0,-7.000000000000001,-1500.0,-15.0,29.862745098039216,26,25,0.0,-7.0,22,29,0,307.5098039215676,84,58,0
0.5,us500,M15,21838,2025-09-30 21:00:00+00:00,2026-08-21 20:45:00+00:00,51,22,29,43.13725490196079,-7.0,-0.13725490196078433,0.7586206896551724,-700.0,-7.000000000000001,-1500.0,-15.0,29.823529411764707,26,25,0.0,-7.0,22,29,0,301.5196078431364,84,58,0
0.75,us500,M15,21838,2025-09-30 21:00:00+00:00,2026-08-21 20:45:00+00:00,50,22,28,44.0,-6.0,-0.12,0.7857142857142857,-600.0,-6.0,-1400.0,-14.000000000000002,29.32,26,24,0.0,-6.0,22,28,0,293.7200000000001,84,56,0
1.0,us500,M15,21838,2025-09-30 21:00:00+00:00,2026-08-21 20:45:00+00:00,49,25,24,51.02040816326531,1.0,0.02040816326530612,1.0416666666666667,100.0,1.0,-1300.0,-13.0,29.102040816326532,25,24,1.0,0.0,25,24,0,284.77551020408083,84,55,0
0.0,us500,H1,21826,2023-01-02 23:00:00+00:00,2026-08-21 20:00:00+00:00,110,58,52,52.72727272727272,6.0,0.05454545454545454,1.1153846153846154,600.0,6.0,-800.0,-8.0,24.554545454545455,48,62,2.0,4.0,58,52,0,402.7272727272721,169,117,0
0.1,us500,H1,21826,2023-01-02 23:00:00+00:00,2026-08-21 20:00:00+00:00,110,59,51,53.63636363636364,8.0,0.07272727272727272,1.1568627450980393,800.0,8.0,-800.0,-8.0,24.20909090909091,48,62,4.0,4.0,59,51,0,397.1745454545448,169,117,0
0.2,us500,H1,21826,2023-01-02 23:00:00+00:00,2026-08-21 20:00:00+00:00,110,59,51,53.63636363636364,8.0,0.07272727272727272,1.1568627450980393,800.0,8.0,-800.0,-8.0,24.181818181818183,48,62,4.0,4.0,59,51,0,391.62181818181745,169,117,0
0.3,us500,H1,21826,2023-01-02 23:00:00+00:00,2026-08-21 20:00:00+00:00,111,60,51,54.054054054054056,9.0,0.08108108108108109,1.1764705882352942,900.0,9.0,-800.0,-8.0,23.846846846846848,48,63,4.0,5.0,60,51,0,385.07477477477454,169,117,0
0.4,us500,H1,21826,2023-01-02 23:00:00+00:00,2026-08-21 20:00:00+00:00,111,61,50,54.95495495495496,11.0,0.0990990990990991,1.22,1100.0,11.0,-600.0,-6.0,23.7027027027027,48,63,6.0,5.0,61,50,0,379.5351351351352,169,117,0
0.5,us500,H1,21826,2023-01-02 23:00:00+00:00,2026-08-21 20:00:00+00:00,111,62,49,55.85585585585585,13.0,0.11711711711711711,1.2653061224489797,1300.0,13.0,-600.0,-6.0,23.54054054054054,48,63,6.0,7.0,62,49,0,373.995495495495,169,117,0
0.75,us500,H1,21826,2023-01-02 23:00:00+00:00,2026-08-21 20:00:00+00:00,111,64,47,57.65765765765766,17.0,0.15315315315315314,1.3617021276595744,1700.0,17.0,-600.0,-6.0,22.92792792792793,48,63,8.0,9.0,64,47,0,366.995495495495,169,118,0
1.0,us500,H1,21826,2023-01-02 23:00:00+00:00,2026-08-21 20:00:00+00:00,110,69,41,62.727272727272734,28.0,0.2545454545454545,1.6829268292682926,2800.0,28.000000000000004,-600.0,-6.0,21.427272727272726,47,63,13.0,15.0,69,41,0,355.59090909090844,169,117,0
0.0,us500,H4,14186,2017-04-30 22:00:00+00:00,2026-08-21 17:00:00+00:00,142,82,60,57.74647887323944,22.00000000000001,0.1549295774647888,1.3666666666666667,2200.000000000001,22.000000000000007,-900.0,-9.0,12.288732394366198,90,52,20.00000000000001,2.0,82,60,0,469.33098591549293,243,149,0
0.1,us500,H4,14186,2017-04-30 22:00:00+00:00,2026-08-21 17:00:00+00:00,146,83,63,56.849315068493155,20.00000000000001,0.1369863013698631,1.3174603174603174,2000.0000000000011,20.00000000000001,-800.0,-8.0,12.616438356164384,90,56,20.00000000000001,0.0,83,63,0,476.01095890410994,243,153,0
0.2,us500,H4,14186,2017-04-30 22:00:00+00:00,2026-08-21 17:00:00+00:00,145,84,61,57.931034482758626,23.00000000000001,0.15862068965517248,1.3770491803278688,2300.000000000001,23.00000000000001,-800.0,-8.0,12.4,89,56,23.00000000000001,0.0,84,61,0,471.7696551724138,243,152,0
0.3,us500,H4,14186,2017-04-30 22:00:00+00:00,2026-08-21 17:00:00+00:00,146,88,58,60.273972602739725,30.00000000000001,0.2054794520547946,1.5172413793103448,3000.000000000001,30.00000000000001,-700.0,-7.000000000000001,11.91095890410959,90,56,26.00000000000001,4.0,88,58,0,463.47671232876735,243,152,0
0.4,us500,H4,14186,2017-04-30 22:00:00+00:00,2026-08-21 17:00:00+00:00,146,90,56,61.64383561643836,34.000000000000014,0.23287671232876722,1.6071428571428572,3400.000000000001,34.00000000000001,-700.0,-7.000000000000001,11.746575342465754,90,56,28.00000000000001,6.0,90,56,0,456.0328767123291,243,152,0
0.5,us500,H4,14186,2017-04-30 22:00:00+00:00,2026-08-21 17:00:00+00:00,146,90,56,61.64383561643836,34.000000000000014,0.23287671232876722,1.6071428571428572,3400.000000000001,34.00000000000001,-700.0,-7.000000000000001,11.41095890410959,90,56,28.00000000000001,6.0,90,56,0,448.58904109589054,243,152,0
0.75,us500,H4,14186,2017-04-30 22:00:00+00:00,2026-08-21 17:00:00+00:00,145,92,53,63.44827586206897,39.000000000000014,0.2689655172413794,1.7358490566037736,3900.000000000001,39.00000000000001,-800.0,-8.0,10.820689655172414,89,56,31.000000000000014,8.0,92,53,0,433.018965517242,243,151,0
1.0,us500,H4,14186,2017-04-30 22:00:00+00:00,2026-08-21 17:00:00+00:00,145,94,51,64.82758620689654,43.000000000000014,0.2965517241379311,1.8431372549019607,4300.000000000001,43.00000000000001,-800.0,-8.0,10.73103448275862,90,55,32.000000000000014,11.0,94,51,0,428.79310344827604,243,151,0
0.0,us500,D1,6991,1999-02-18 00:00:00+00:00,2026-08-21 00:00:00+00:00,71,36,35,50.70422535211267,0.9999999999999876,0.014084507042253346,1.0285714285714282,99.99999999999875,0.9999999999999876,-1000.0,-10.0,8.619718309859154,53,18,2.9999999999999876,-2.0,36,35,0,424.6056338028169,151,73,0
0.1,us500,D1,6991,1999-02-18 00:00:00+00:00,2026-08-21 00:00:00+00:00,71,36,35,50.70422535211267,1.0000000000000124,0.014084507042253697,1.028571428571429,100.00000000000125,1.0000000000000124,-1000.0,-10.0,8.366197183098592,53,18,3.0000000000000124,-2.0,36,35,0,410.1450704225353,151,73,0
0.2,us500,D1,6991,1999-02-18 00:00:00+00:00,2026-08-21 00:00:00+00:00,72,38,34,52.77777777777778,3.9999999999999867,0.05555555555555537,1.117647058823529,399.9999999999987,3.9999999999999867,-1000.0,-10.0,7.847222222222222,53,19,2.9999999999999867,1.0,38,34,0,398.07499999999976,151,74,0
0.3,us500,D1,6991,1999-02-18 00:00:00+00:00,2026-08-21 00:00:00+00:00,70,40,30,57.14285714285714,9.999999999999986,0.14285714285714265,1.3333333333333328,999.9999999999986,9.999999999999986,-600.0,-6.0,7.8428571428571425,50,20,7.999999999999986,2.0,40,30,0,409.3857142857144,151,72,0
0.4,us500,D1,6991,1999-02-18 00:00:00+00:00,2026-08-21 00:00:00+00:00,69,40,29,57.971014492753625,11.000000000000014,0.15942028985507267,1.3793103448275867,1100.0000000000014,11.000000000000014,-700.0,-7.000000000000001,7.63768115942029,49,20,9.000000000000014,2.0,40,29,0,401.6985507246377,151,71,0
0.5,us500,D1,6991,1999-02-18 00:00:00+00:00,2026-08-21 00:00:00+00:00,69,40,29,57.971014492753625,10.999999999999986,0.15942028985507226,1.3793103448275856,1099.9999999999986,10.999999999999986,-600.0,-6.0,7.478260869565218,48,21,9.999999999999986,1.0,40,29,0,402.2318840579709,151,71,0
0.75,us500,D1,6991,1999-02-18 00:00:00+00:00,2026-08-21 00:00:00+00:00,68,44,24,64.70588235294117,19.999999999999982,0.29411764705882326,1.8333333333333326,1999.9999999999982,19.999999999999982,-300.0,-3.0,7.0,49,19,14.999999999999982,5.0,44,24,0,374.99632352941154,151,69,0
1.0,us500,D1,6991,1999-02-18 00:00:00+00:00,2026-08-21 00:00:00+00:00,64,43,21,67.1875,22.0,0.34375,2.0476190476190474,2200.0,22.0,-500.0,-5.0,6.65625,47,17,19.0,3.0,43,21,0,381.671875,151,65,0
0.0,xauusd,M5,20564,2026-05-10 22:00:00+00:00,2026-08-21 20:40:00+00:00,233,115,118,49.35622317596567,-3.0,-0.012875536480686695,0.9745762711864406,-300.0,-3.0,-1800.0,-18.0,4.24892703862661,98,135,-2.0,-1.0,115,118,0,538.4163090128758,536,233,0
0.1,xauusd,M5,20564,2026-05-10 22:00:00+00:00,2026-08-21 20:40:00+00:00,237,120,117,50.63291139240506,3.0,0.012658227848101266,1.0256410256410255,300.0,3.0,-1300.0,-13.0,4.274261603375527,99,138,-1.0,4.0,120,117,0,528.5059071729991,536,237,0
0.2,xauusd,M5,20564,2026-05-10 22:00:00+00:00,2026-08-21 20:40:00+00:00,240,123,117,51.24999999999999,6.0,0.025,1.0512820512820513,600.0,6.0,-1300.0,-13.0,4.7375,100,140,2.0,4.0,123,117,0,522.5525000000014,536,241,0
0.3,xauusd,M5,20564,2026-05-10 22:00:00+00:00,2026-08-21 20:40:00+00:00,239,128,111,53.55648535564853,17.0,0.07112970711297072,1.1531531531531531,1700.0,17.0,-1300.0,-13.0,4.598326359832636,100,139,6.0,11.0,128,111,0,509.45941422593785,536,240,0
0.4,xauusd,M5,20564,2026-05-10 22:00:00+00:00,2026-08-21 20:40:00+00:00,243,135,108,55.55555555555556,27.0,0.1111111111111111,1.25,2700.0,27.0,-1300.0,-13.0,4.296296296296297,102,141,6.0,21.0,135,108,0,501.90452674896943,536,244,0
0.5,xauusd,M5,20564,2026-05-10 22:00:00+00:00,2026-08-21 20:40:00+00:00,241,140,101,58.09128630705395,39.0,0.16182572614107885,1.386138613861386,3900.0,39.0,-800.0,-8.0,4.149377593360996,104,137,12.0,27.0,140,101,0,498.63278008299164,536,242,0
0.75,xauusd,M5,20564,2026-05-10 22:00:00+00:00,2026-08-21 20:40:00+00:00,245,153,92,62.44897959183674,61.0,0.24897959183673468,1.6630434782608696,6100.0,61.0,-800.0,-8.0,3.857142857142857,108,137,24.0,37.0,153,92,0,482.2663265306145,536,247,0
1.0,xauusd,M5,20564,2026-05-10 22:00:00+00:00,2026-08-21 20:40:00+00:00,242,163,79,67.35537190082644,84.0,0.34710743801652894,2.0632911392405062,8400.0,84.0,-700.0,-7.000000000000001,3.475206611570248,108,134,38.0,46.0,163,79,0,453.67355371901175,536,244,0
0.0,xauusd,M15,21007,2025-09-30 22:00:00+00:00,2026-08-21 20:30:00+00:00,121,62,59,51.2396694214876,3.0,0.024793388429752067,1.0508474576271187,300.0,3.0,-1000.0,-10.0,2.5289256198347108,67,54,3.0,0.0,62,59,0,631.6859504132262,608,121,0
0.1,xauusd,M15,21007,2025-09-30 22:00:00+00:00,2026-08-21 20:30:00+00:00,128,66,62,51.5625,4.0,0.03125,1.064516129032258,400.0,4.0,-1000.0,-10.0,2.3515625,72,56,2.0,2.0,66,62,0,634.6296875000032,608,128,0
0.2,xauusd,M15,21007,2025-09-30 22:00:00+00:00,2026-08-21 20:30:00+00:00,133,73,60,54.88721804511278,13.0,0.09774436090225563,1.2166666666666666,1300.0,13.0,-800.0,-8.0,2.338345864661654,74,59,14.0,-1.0,73,60,0,618.2360902255645,608,133,0
0.3,xauusd,M15,21007,2025-09-30 22:00:00+00:00,2026-08-21 20:30:00+00:00,135,77,58,57.03703703703704,19.0,0.14074074074074075,1.3275862068965518,1900.0,19.0,-800.0,-8.0,2.3185185185185184,74,61,20.0,-1.0,77,58,0,601.5688888888925,608,135,0
0.4,xauusd,M15,21007,2025-09-30 22:00:00+00:00,2026-08-21 20:30:00+00:00,141,84,57,59.57446808510638,27.0,0.19148936170212766,1.4736842105263157,2700.0,27.0,-900.0,-9.0,2.1843971631205674,77,64,23.0,4.0,84,57,0,581.7304964539056,608,141,0
0.5,xauusd,M15,21007,2025-09-30 22:00:00+00:00,2026-08-21 20:30:00+00:00,144,91,53,63.19444444444444,38.0,0.2638888888888889,1.7169811320754718,3800.0,38.0,-700.0,-7.000000000000001,2.0277777777777777,80,64,26.0,12.0,91,53,0,577.1770833333344,608,144,0
0.75,xauusd,M15,21007,2025-09-30 22:00:00+00:00,2026-08-21 20:30:00+00:00,146,100,46,68.4931506849315,54.0,0.3698630136986301,2.1739130434782608,5400.0,54.0,-400.0,-4.0,1.8972602739726028,79,67,37.0,17.0,100,46,0,558.9657534246629,608,146,0
1.0,xauusd,M15,21007,2025-09-30 22:00:00+00:00,2026-08-21 20:30:00+00:00,143,105,38,73.42657342657343,67.0,0.46853146853146854,2.763157894736842,6700.0,67.0,-300.0,-3.0,2.055944055944056,76,67,40.0,27.0,105,38,0,548.8251748251756,608,143,0
0.0,xauusd,H1,21516,2023-01-02 23:00:00+00:00,2026-08-21 20:00:00+00:00,138,69,69,50.0,0.0,0.0,1.0,0.0,0.0,-1100.0,-11.0,4.260869565217392,73,65,1.0,-1.0,69,69,0,596.2753623188395,618,139,0
0.1,xauusd,H1,21516,2023-01-02 23:00:00+00:00,2026-08-21 20:00:00+00:00,143,73,70,51.048951048951054,3.0,0.02097902097902098,1.042857142857143,300.0,3.0,-1100.0,-11.0,4.048951048951049,75,68,-1.0,4.0,73,70,0,589.2174825174801,618,143,0
0.2,xauusd,H1,21516,2023-01-02 23:00:00+00:00,2026-08-21 20:00:00+00:00,147,77,70,52.38095238095239,7.0,0.047619047619047616,1.1,700.0,7.000000000000001,-1100.0,-11.0,4.258503401360544,79,68,1.0,6.0,77,70,0,580.1469387755089,618,148,0
0.3,xauusd,H1,21516,2023-01-02 23:00:00+00:00,2026-08-21 20:00:00+00:00,152,83,69,54.60526315789473,14.0,0.09210526315789473,1.2028985507246377,1400.0,14.000000000000002,-700.0,-7.000000000000001,3.9934210526315788,82,70,4.0,10.0,83,69,0,565.1368421052634,618,152,0
0.4,xauusd,H1,21516,2023-01-02 23:00:00+00:00,2026-08-21 20:00:00+00:00,155,86,69,55.483870967741936,17.0,0.10967741935483871,1.2463768115942029,1700.0,17.0,-900.0,-9.0,3.8193548387096774,84,71,8.0,9.0,86,69,0,550.8141935483866,618,155,0
0.5,xauusd,H1,21516,2023-01-02 23:00:00+00:00,2026-08-21 20:00:00+00:00,160,95,65,59.375,30.0,0.1875,1.4615384615384615,3000.0,30.0,-600.0,-6.0,3.6125,88,72,16.0,14.0,95,65,0,536.6812499999985,618,160,0
0.75,xauusd,H1,21516,2023-01-02 23:00:00+00:00,2026-08-21 20:00:00+00:00,156,103,53,66.02564102564102,50.0,0.32051282051282054,1.9433962264150944,5000.0,50.0,-300.0,-3.0,3.230769230769231,86,70,28.0,22.0,103,53,0,506.3173076923081,618,156,0
1.0,xauusd,H1,21516,2023-01-02 23:00:00+00:00,2026-08-21 20:00:00+00:00,159,111,48,69.81132075471697,63.0,0.39622641509433965,2.3125,6300.0,63.0,-400.0,-4.0,3.138364779874214,87,72,33.0,30.0,111,48,0,503.6477987421399,618,159,0
0.0,xauusd,H4,21049,2013-01-02 03:00:00+00:00,2026-08-21 18:00:00+00:00,136,66,70,48.529411764705884,-4.0,-0.029411764705882353,0.9428571428571428,-400.0,-4.0,-1600.0,-16.0,3.375,75,61,7.0,-11.0,66,70,0,633.8455882352935,647,137,0
0.1,xauusd,H4,21049,2013-01-02 03:00:00+00:00,2026-08-21 18:00:00+00:00,139,69,70,49.64028776978417,-1.0,-0.007194244604316547,0.9857142857142858,-100.0,-1.0,-1500.0,-15.0,3.287769784172662,78,61,10.0,-11.0,69,70,0,617.7251798561141,647,140,0
0.2,xauusd,H4,21049,2013-01-02 03:00:00+00:00,2026-08-21 18:00:00+00:00,142,69,73,48.59154929577465,-4.0,-0.028169014084507043,0.9452054794520548,-400.0,-4.0,-1900.0,-19.0,3.176056338028169,80,62,6.0,-10.0,69,73,0,614.3098591549285,647,143,0
0.3,xauusd,H4,21049,2013-01-02 03:00:00+00:00,2026-08-21 18:00:00+00:00,143,70,73,48.95104895104895,-3.0,-0.02097902097902098,0.958904109589041,-300.0,-3.0,-1800.0,-18.0,3.2867132867132867,81,62,5.0,-8.0,70,73,0,595.7888111888119,647,144,0
0.4,xauusd,H4,21049,2013-01-02 03:00:00+00:00,2026-08-21 18:00:00+00:00,145,73,72,50.3448275862069,1.0,0.006896551724137931,1.0138888888888888,100.0,1.0,-1700.0,-17.0,3.206896551724138,81,64,9.0,-8.0,73,72,0,588.0813793103442,647,146,0
0.5,xauusd,H4,21049,2013-01-02 03:00:00+00:00,2026-08-21 18:00:00+00:00,150,76,74,50.66666666666667,2.0,0.013333333333333334,1.027027027027027,200.0,2.0,-1800.0,-18.0,3.026666666666667,83,67,11.0,-9.0,76,74,0,574.3799999999993,647,151,0
0.75,xauusd,H4,21049,2013-01-02 03:00:00+00:00,2026-08-21 18:00:00+00:00,161,88,73,54.6583850931677,15.0,0.09316770186335403,1.2054794520547945,1500.0,15.0,-1500.0,-15.0,2.732919254658385,88,73,14.0,1.0,88,73,0,564.8105590062108,647,162,0
1.0,xauusd,H4,21049,2013-01-02 03:00:00+00:00,2026-08-21 18:00:00+00:00,157,103,54,65.60509554140127,49.0,0.31210191082802546,1.9074074074074074,4900.0,49.0,-800.0,-8.0,2.56687898089172,87,70,31.0,18.0,103,54,0,536.9554140127383,647,158,0
0.0,xauusd,D1,8787,1992-08-18 00:00:00+00:00,2026-08-21 00:00:00+00:00,46,25,21,54.347826086956516,4.0,0.08695652173913043,1.1904761904761905,400.0,4.0,-400.0,-4.0,4.717391304347826,29,17,5.0,-1.0,25,21,0,556.1304347826085,269,46,0
0.1,xauusd,D1,8787,1992-08-18 00:00:00+00:00,2026-08-21 00:00:00+00:00,50,28,22,56.00000000000001,6.0,0.12,1.2727272727272727,600.0,6.0,-400.0,-4.0,4.34,31,19,7.0,-1.0,28,22,0,560.2048000000011,269,50,0
0.2,xauusd,D1,8787,1992-08-18 00:00:00+00:00,2026-08-21 00:00:00+00:00,50,28,22,56.00000000000001,6.0,0.12,1.2727272727272727,600.0,6.0,-400.0,-4.0,4.28,32,18,6.0,0.0,28,22,0,537.3195999999999,269,50,0
0.3,xauusd,D1,8787,1992-08-18 00:00:00+00:00,2026-08-21 00:00:00+00:00,50,28,22,56.00000000000001,6.0,0.12,1.2727272727272727,600.0,6.0,-400.0,-4.0,4.04,32,18,6.0,0.0,28,22,0,494.1604000000001,269,50,0
0.4,xauusd,D1,8787,1992-08-18 00:00:00+00:00,2026-08-21 00:00:00+00:00,51,30,21,58.82352941176471,9.0,0.17647058823529413,1.4285714285714286,900.0,9.0,-400.0,-4.0,3.9019607843137254,32,19,8.0,1.0,30,21,0,498.7972549019611,269,51,0
0.5,xauusd,D1,8787,1992-08-18 00:00:00+00:00,2026-08-21 00:00:00+00:00,52,33,19,63.46153846153846,14.0,0.2692307692307692,1.736842105263158,1400.0,14.000000000000002,-400.0,-4.0,3.7115384615384617,33,19,11.0,3.0,33,19,0,516.9230576923087,269,52,0
0.75,xauusd,D1,8787,1992-08-18 00:00:00+00:00,2026-08-21 00:00:00+00:00,55,39,16,70.9090909090909,23.0,0.41818181818181815,2.4375,2300.0,23.0,-200.0,-2.0,3.418181818181818,34,21,16.0,7.0,39,16,0,508.4000000000007,269,55,0
1.0,xauusd,D1,8787,1992-08-18 00:00:00+00:00,2026-08-21 00:00:00+00:00,53,38,15,71.69811320754717,23.0,0.4339622641509434,2.533333333333333,2300.0,23.0,-200.0,-2.0,3.207547169811321,33,20,19.0,4.0,38,15,0,492.05660377358663,269,53,0
