config,symbol,timeframe,bars,start,end,trades,wins,losses,win_rate,total_R,expectancy_R,profit_factor,total_pnl,return_pct,max_drawdown,max_drawdown_pct,avg_bars_held,buy_trades,sell_trades,buy_R,sell_R,tp_exits,sl_exits,unresolved,avg_sl_points,setups_detected,setups_entered,rejected_stops
atr_live_spread,audusd,M5,20095,2026-05-17 21:05:00+00:00,2026-08-21 20:55:00+00:00,197,89,108,45.17766497461929,-118.77403721178837,-0.6029138944760831,0.3031164119929975,-11877.403721178838,-118.77403721178838,-11776.916856802145,-117.76916856802144,5.375634517766497,89,108,-51.943080584838256,-66.83095662695013,100,97,0,34.7664974619289,430,202,0
atr_live_spread,audusd,M15,22176,2025-09-30 21:00:00+00:00,2026-08-21 20:45:00+00:00,243,127,116,52.2633744855967,-57.59993114878313,-0.237036753698696,0.6228826699307985,-5759.993114878313,-57.59993114878312,-6539.981417634824,-65.39981417634823,7.246913580246914,130,113,-19.73548116599438,-37.864449982788756,130,113,0,66.52757201646057,527,258,0
atr_live_spread,audusd,H1,22655,2023-01-01 23:00:00+00:00,2026-08-21 20:00:00+00:00,246,147,99,59.756097560975604,6.532975442507011,0.026556810741898418,1.0527844340054677,653.2975442507015,6.532975442507015,-1539.763925406436,-15.39763925406436,5.90650406504065,136,110,3.9316456215762896,2.601329820930727,148,98,0,153.49756097560984,517,251,0
atr_live_spread,audusd,H4,21210,2013-01-01 22:00:00+00:00,2026-08-21 17:00:00+00:00,303,170,133,56.10561056105611,18.7411751702434,0.06185206326813004,1.1305201470019424,1874.1175170243403,18.7411751702434,-2189.4802889743896,-21.894802889743897,6.3927392739273925,147,156,11.806283012313276,6.934892157930129,170,133,0,396.6448844884487,599,315,0
atr_live_spread,audusd,D1,6301,2002-05-07 00:00:00+00:00,2026-08-21 00:00:00+00:00,101,56,45,55.44554455445545,8.751405544964802,0.08664757965311685,1.1902655010966172,875.1405544964803,8.751405544964802,-557.8291892919333,-5.578291892919332,4.792079207920792,52,49,8.618333863920881,0.13307168104392275,56,45,0,980.545544554455,198,102,0
atr_live_spread,eurgbp,M5,20103,2026-05-17 21:05:00+00:00,2026-08-21 20:55:00+00:00,117,37,80,31.62393162393162,-232.91829746723795,-1.990754679207162,0.05039832441214264,-23291.829746723794,-232.91829746723795,-23368.17317613269,-233.6817317613269,4.401709401709402,50,67,-118.72478558651264,-114.19351188072532,62,55,0,17.418803418804607,249,120,0
atr_live_spread,eurgbp,M15,22176,2025-09-30 21:00:00+00:00,2026-08-21 20:45:00+00:00,152,70,82,46.05263157894737,-96.23692562388666,-0.6331376685782018,0.3065605151495679,-9623.692562388664,-96.23692562388663,-9826.333224339753,-98.26333224339753,8.078947368421053,68,84,-58.05706975253476,-38.17985587135189,79,72,1,43.190789473684276,336,160,0
atr_live_spread,eurgbp,H1,22655,2023-01-01 23:00:00+00:00,2026-08-21 20:00:00+00:00,170,89,81,52.352941176470594,-41.12904960400061,-0.24193558590588596,0.6347194015789229,-4112.904960400061,-41.12904960400061,-4460.92153229607,-44.6092153229607,8.217647058823529,88,82,-25.34394351261422,-15.785106091386385,92,78,0,100.84470588235267,369,171,0
atr_live_spread,eurgbp,H4,21210,2013-01-01 22:00:00+00:00,2026-08-21 17:00:00+00:00,239,138,101,57.74058577405857,20.22538848692347,0.08462505643064214,1.1857791242684192,2022.5388486923466,20.225388486923464,-1363.4470684194566,-13.634470684194566,6.154811715481172,109,130,10.726918341531407,9.498470145392064,138,101,0,338.26569037656867,497,244,0
atr_live_spread,eurgbp,D1,6301,2002-05-08 00:00:00+00:00,2026-08-21 00:00:00+00:00,88,55,33,62.5,15.751686624271851,0.17899643891218012,1.4227708752454242,1575.1686624271852,15.751686624271851,-685.5568063451901,-6.855568063451901,4.806818181818182,39,49,5.570724212938355,10.180962411333498,55,33,0,705.5329545454543,177,90,0
atr_live_spread,eurusd,M5,20103,2026-05-17 21:05:00+00:00,2026-08-21 20:55:00+00:00,214,98,116,45.794392523364486,-100.83701720937641,-0.47120101499708605,0.39247671180236615,-10083.701720937639,-100.83701720937638,-10221.556945362552,-102.21556945362553,5.9953271028037385,101,113,-51.1049665267086,-49.73205068266782,106,108,0,35.46822429906517,459,218,0
atr_live_spread,eurusd,M15,22176,2025-09-30 21:00:00+00:00,2026-08-21 20:45:00+00:00,236,124,112,52.54237288135594,-38.03749277423749,-0.16117581683998938,0.7270067068224707,-3803.7492774237494,-38.03749277423749,-4535.503381704401,-45.35503381704402,6.830508474576271,110,126,-22.481746329353225,-15.55574644488426,127,109,0,77.65084745762763,473,240,0
atr_live_spread,eurusd,H1,22655,2023-01-01 23:00:00+00:00,2026-08-21 20:00:00+00:00,235,126,109,53.61702127659574,-33.82228695201049,-0.1439246253277042,0.7723115913438101,-3382.2286952010477,-33.82228695201048,-4186.994779394006,-41.869947793940064,6.587234042553192,123,112,-37.335907575064724,3.5136206230542353,127,108,0,171.37787234042554,493,239,0
atr_live_spread,eurusd,H4,21210,2013-01-01 22:00:00+00:00,2026-08-21 17:00:00+00:00,253,141,112,55.73122529644269,19.968364781563462,0.07892634301013227,1.1714601966982168,1996.8364781563464,19.968364781563462,-740.7734292812765,-7.407734292812765,6.6561264822134385,122,131,12.204964515641336,7.763400265922128,141,112,0,471.37944664031625,566,266,0
atr_live_spread,eurusd,D1,6307,2002-05-07 00:00:00+00:00,2026-08-21 00:00:00+00:00,90,48,42,53.333333333333336,4.599197278449022,0.051102191982766915,1.1074523055946532,459.9197278449025,4.599197278449025,-642.2531021200994,-6.422531021200993,4.133333333333334,41,49,-1.5227409304747819,6.121938208923804,48,42,0,1291.0477777777771,199,92,0
atr_live_spread,gbpusd,M5,20086,2026-05-17 21:05:00+00:00,2026-08-21 20:55:00+00:00,185,91,94,49.18918918918919,-134.75158357671998,-0.7283869382525404,0.298897771337858,-13475.158357671997,-134.75158357671998,-13346.85647087952,-133.4685647087952,8.194594594594594,98,87,-87.56089365806699,-47.19068991865296,101,84,0,49.09405405405418,411,190,0
atr_live_spread,gbpusd,M15,22174,2025-09-30 21:00:00+00:00,2026-08-21 20:45:00+00:00,245,111,134,45.30612244897959,-77.54243721855222,-0.31649974374919276,0.5313785593662408,-7754.243721855222,-77.54243721855222,-7708.72291021616,-77.0872291021616,8.759183673469387,133,112,-26.85286801780053,-50.68956920075169,115,130,0,102.23020408163273,515,256,0
atr_live_spread,gbpusd,H1,22655,2023-01-01 23:00:00+00:00,2026-08-21 20:00:00+00:00,233,133,100,57.08154506437768,8.275359776876055,0.03551656556599165,1.0729797859887722,827.5359776876053,8.275359776876053,-1678.3883549430848,-16.783883549430847,7.07725321888412,123,110,5.935397137504289,2.3399626393717616,134,99,0,228.35708154506517,496,241,0
atr_live_spread,gbpusd,H4,21210,2013-01-01 22:00:00+00:00,2026-08-21 17:00:00+00:00,259,133,126,51.35135135135135,-3.005393930058917,-0.011603837567795048,0.9771278612585308,-300.53939300589207,-3.0053939300589207,-2231.851159956348,-22.318511599563482,6.583011583011583,143,116,7.111598828482856,-10.116992758541773,134,125,0,632.7204633204639,557,267,0
atr_live_spread,gbpusd,D1,6311,2002-05-07 00:00:00+00:00,2026-08-21 00:00:00+00:00,97,54,43,55.670103092783506,9.20799174663077,0.09492774996526566,1.209332256512993,920.7991746630769,9.207991746630768,-540.8044759014065,-5.408044759014065,5.515463917525773,54,43,10.931531164922246,-1.723539418291475,54,43,0,1634.8742268041242,192,98,0
atr_live_spread,us100,M5,21307,2026-05-10 22:00:00+00:00,2026-08-21 20:55:00+00:00,259,137,122,52.8957528957529,-1.3365929804757029,-0.005160590658207347,0.9897288551642354,-133.65929804757042,-1.3365929804757042,-2452.9467137662095,-24.529467137662095,6.8108108108108105,139,120,-1.9936179823777969,0.6570250019020945,137,122,0,415.9683397683394,488,266,0
atr_live_spread,us100,M15,21857,2025-09-30 21:00:00+00:00,2026-08-21 20:45:00+00:00,226,135,91,59.73451327433629,27.994871207511494,0.12387111153766148,1.2808785289446658,2799.4871207511505,27.99487120751151,-1514.2599272272837,-15.142599272272836,5.247787610619469,139,87,24.76434157281843,3.230529634693069,136,90,0,519.9575221238925,487,230,0
atr_live_spread,us100,H1,21841,2023-01-02 23:00:00+00:00,2026-08-21 20:00:00+00:00,203,113,90,55.66502463054187,15.830275514849392,0.07798165278250932,1.1690026273043654,1583.0275514849395,15.830275514849395,-915.5598547108693,-9.155598547108694,6.216748768472907,115,88,14.248282127806174,1.581993387043224,113,90,0,924.8995073891626,506,213,0
atr_live_spread,us100,H4,14187,2017-04-30 22:00:00+00:00,2026-08-21 17:00:00+00:00,182,111,71,60.98901098901099,30.439175307991782,0.16724821597797682,1.3878289205731649,3043.917530799178,30.439175307991782,-841.8984827095937,-8.418984827095938,7.021978021978022,133,49,24.13029322248292,6.308882085508865,111,70,1,1473.4978021978009,392,195,0
atr_live_spread,us100,D1,2897,2015-04-20 00:00:00+00:00,2026-08-21 00:00:00+00:00,52,28,24,53.84615384615385,3.361061768994305,0.06463580324989047,1.1379728659016188,336.1061768994306,3.361061768994306,-726.1870923633542,-7.261870923633541,5.903846153846154,41,11,8.42559032084076,-5.064528551846454,28,24,0,3307.892307692307,80,55,0
atr_live_spread,us30,M5,21299,2026-05-10 22:00:00+00:00,2026-08-21 20:55:00+00:00,217,118,99,54.377880184331794,-18.99649509363573,-0.08754145204440428,0.8490543230534678,-1899.6495093635724,-18.996495093635723,-3324.8989831936306,-33.248989831936306,5.640552995391705,124,93,-26.708455137130297,7.711960043494576,119,98,0,395.58064516129195,430,225,0
atr_live_spread,us30,M15,21855,2025-09-30 21:00:00+00:00,2026-08-21 20:45:00+00:00,205,108,97,52.6829268292683,-2.4374352172241425,-0.011889927888898255,0.9764648930896868,-243.7435217224139,-2.437435217224139,-1594.811410240567,-15.94811410240567,7.1414634146341465,111,94,0.6552574781618854,-3.0926926953860256,109,96,0,654.168780487803,436,213,0
atr_live_spread,us30,H1,21841,2023-01-02 23:00:00+00:00,2026-08-21 20:00:00+00:00,210,122,88,58.0952380952381,27.422005941204773,0.13058098067240367,1.3027885211583021,2742.200594120477,27.42200594120477,-831.9641750524806,-8.319641750524806,5.819047619047619,121,89,18.93809614226895,8.48390979893582,122,88,0,1120.4561904761906,502,218,0
atr_live_spread,us30,H4,14102,2017-04-30 22:00:00+00:00,2026-08-21 17:00:00+00:00,161,84,77,52.17391304347826,4.512973472714739,0.028030891134874156,1.0577271702459272,451.29734727147434,4.512973472714743,-1288.3106477173824,-12.883106477173826,5.881987577639752,105,56,7.329910256543757,-2.8169367838290187,84,77,0,2574.2074534161457,347,164,0
atr_live_spread,us30,D1,2403,2017-05-01 00:00:00+00:00,2026-08-21 00:00:00+00:00,37,21,16,56.75675675675676,4.218375411561141,0.1140101462584092,1.2537924902166644,421.83754115611396,4.218375411561139,-650.9632117670317,-6.509632117670316,3.918918918918919,26,11,-0.2608633831076794,4.47923879466882,21,16,0,4894.940540540543,73,38,0
atr_live_spread,us500,M5,21257,2026-05-10 22:00:00+00:00,2026-08-21 20:55:00+00:00,194,110,84,56.70103092783505,2.4640812119970654,0.012701449546376626,1.0260165140615969,246.4081211997061,2.464081211997061,-2453.531696646969,-24.535316966469694,7.77319587628866,104,90,-5.493704189008017,7.957785401005081,111,83,0,66.2958762886591,413,199,0
atr_live_spread,us500,M15,21838,2025-09-30 21:00:00+00:00,2026-08-21 20:45:00+00:00,194,105,89,54.123711340206185,-3.0331708207013843,-0.015634901137636003,0.968668610467469,-303.3170820701391,-3.033170820701391,-2009.1147632378925,-20.091147632378924,6.737113402061856,109,85,10.154749665394986,-13.187920486096376,105,89,0,100.44845360824687,416,200,0
atr_live_spread,us500,H1,21826,2023-01-02 23:00:00+00:00,2026-08-21 20:00:00+00:00,209,120,89,57.41626794258373,17.96102160696594,0.08593790242567435,1.1867461325590998,1796.1021606965937,17.96102160696594,-1251.2812075540096,-12.512812075540097,7.033492822966507,124,85,7.871770838382294,10.089250768583646,120,89,0,172.97416267942538,468,217,0
atr_live_spread,us500,H4,14186,2017-04-30 22:00:00+00:00,2026-08-21 17:00:00+00:00,177,105,72,59.32203389830508,27.76540297887697,0.15686668349648006,1.3700030219116885,2776.540297887697,27.765402978876967,-1045.5582112195716,-10.455582112195716,7.728813559322034,134,43,29.524534373437625,-1.7591313945606526,106,71,0,325.4971751412432,368,184,0
atr_live_spread,us500,D1,6991,1999-02-18 00:00:00+00:00,2026-08-21 00:00:00+00:00,103,51,52,49.51456310679612,-4.796000432608242,-0.046563110996196526,0.9119141685061987,-479.60004326082424,-4.796000432608243,-1487.425487436085,-14.874254874360847,5.262135922330097,77,26,0.0858731220907778,-4.881873554699022,51,52,0,400.41941747572776,211,107,0
atr_live_spread,xauusd,M5,20564,2026-05-10 22:00:00+00:00,2026-08-21 20:40:00+00:00,266,141,125,53.00751879699248,-11.266837018321741,-0.0423565301440667,0.9218832692057681,-1126.6837018321746,-11.266837018321747,-1830.1143473853608,-18.30114347385361,5.890977443609023,119,147,-14.110029300420496,2.8431922820987556,141,125,0,650.2834586466171,509,270,0
atr_live_spread,xauusd,M15,21007,2025-09-30 22:00:00+00:00,2026-08-21 20:30:00+00:00,233,138,95,59.227467811158796,34.5711670090156,0.14837410733483092,1.3484127135911845,3457.11670090156,34.571167009015596,-1057.9902830551455,-10.579902830551454,6.274678111587983,126,107,18.671887712865946,15.899279296149645,138,95,0,1338.856652360516,476,241,0
atr_live_spread,xauusd,H1,21516,2023-01-02 23:00:00+00:00,2026-08-21 20:00:00+00:00,259,147,112,56.75675675675676,25.464266021425136,0.09831762942635187,1.2183646407276407,2546.4266021425137,25.464266021425136,-1469.5182652640924,-14.695182652640923,5.853281853281853,144,115,11.284822117190979,14.17944390423416,147,112,0,1555.1799227799208,538,265,0
atr_live_spread,xauusd,H4,21049,2013-01-02 03:00:00+00:00,2026-08-21 18:00:00+00:00,272,141,131,51.83823529411765,1.0462294913691892,0.0038464319535631954,1.0077543055288753,104.62294913691869,1.046229491369187,-1523.1625516736858,-15.231625516736857,6.525735294117647,142,130,2.8093745642885795,-1.763145072919392,141,131,0,1676.4060294117644,572,282,0
atr_live_spread,xauusd,D1,8787,1992-08-18 00:00:00+00:00,2026-08-21 00:00:00+00:00,120,67,53,55.833333333333336,10.612561345082819,0.08843801120902349,1.1948699536501832,1061.2561345082815,10.612561345082817,-702.0234296361614,-7.020234296361613,5.566666666666666,70,50,2.3349192840259265,8.277642061056891,67,53,0,2509.961365,237,125,0
atr_upstream,audusd,M5,20095,2026-05-17 21:05:00+00:00,2026-08-21 20:55:00+00:00,197,130,67,65.98984771573603,63.0,0.3197969543147208,1.9402985074626866,6300.0,63.0,-300.0,-3.0,4.32994923857868,92,105,34.0,29.0,130,67,0,29.38071065989844,430,198,0
atr_upstream,audusd,M15,22176,2025-09-30 21:00:00+00:00,2026-08-21 20:45:00+00:00,242,168,74,69.42148760330579,94.0,0.3884297520661157,2.27027027027027,9400.0,94.0,-500.0,-5.0,5.933884297520661,129,113,59.0,35.0,168,74,0,61.677685950413235,527,253,0
atr_upstream,audusd,H1,22655,2023-01-01 23:00:00+00:00,2026-08-21 20:00:00+00:00,238,175,63,73.52941176470588,112.0,0.47058823529411764,2.7777777777777777,11200.0,112.00000000000001,-600.0,-6.0,4.773109243697479,128,110,68.0,44.0,175,63,0,135.28991596638633,517,242,0
atr_upstream,audusd,H4,21210,2013-01-01 22:00:00+00:00,2026-08-21 17:00:00+00:00,301,209,92,69.43521594684385,117.0,0.38870431893687707,2.2717391304347827,11700.0,117.0,-700.0,-7.000000000000001,4.976744186046512,147,154,51.0,66.0,209,92,0,352.6362126245841,599,309,0
atr_upstream,audusd,D1,6301,2002-05-07 00:00:00+00:00,2026-08-21 00:00:00+00:00,100,64,36,64.0,28.0,0.28,1.7777777777777777,2800.0,28.000000000000004,-500.0,-5.0,4.61,52,48,16.0,12.0,64,36,0,857.6299999999993,198,100,0
atr_upstream,eurgbp,M5,20103,2026-05-17 21:05:00+00:00,2026-08-21 20:55:00+00:00,112,79,33,70.53571428571429,46.0,0.4107142857142857,2.393939393939394,4600.0,46.0,-400.0,-4.0,4.464285714285714,49,63,19.0,27.0,79,33,0,16.96428571428583,249,115,0
atr_upstream,eurgbp,M15,22176,2025-09-30 21:00:00+00:00,2026-08-21 20:45:00+00:00,150,97,53,64.66666666666666,43.156862745098195,0.28771241830065464,1.814280429152796,4315.686274509819,43.15686274509819,-300.0,-3.0,7.18,64,86,16.0,27.15686274509819,96,53,1,39.26666666666634,336,157,0
atr_upstream,eurgbp,H1,22655,2023-01-01 23:00:00+00:00,2026-08-21 20:00:00+00:00,169,115,54,68.04733727810651,61.0,0.3609467455621302,2.1296296296296298,6100.0,61.0,-500.0,-5.0,6.242603550295858,82,87,30.0,31.0,115,54,0,88.98224852071009,369,171,0
atr_upstream,eurgbp,H4,21210,2013-01-01 22:00:00+00:00,2026-08-21 17:00:00+00:00,245,161,84,65.71428571428571,77.0,0.3142857142857143,1.9166666666666667,7700.0,77.0,-400.0,-4.0,5.089795918367347,112,133,44.0,33.0,161,84,0,309.25714285714264,497,246,0
atr_upstream,eurgbp,D1,6301,2002-05-08 00:00:00+00:00,2026-08-21 00:00:00+00:00,87,64,23,73.5632183908046,41.0,0.47126436781609193,2.782608695652174,4100.0,41.0,-300.0,-3.0,4.459770114942529,38,49,12.0,29.0,64,23,0,659.6494252873565,177,88,0
atr_upstream,eurusd,M5,20103,2026-05-17 21:05:00+00:00,2026-08-21 20:55:00+00:00,204,137,67,67.15686274509804,70.0,0.3431372549019608,2.044776119402985,7000.0,70.0,-400.0,-4.0,4.828431372549019,97,107,35.0,35.0,137,67,0,32.651960784313104,459,207,0
atr_upstream,eurusd,M15,22176,2025-09-30 21:00:00+00:00,2026-08-21 20:45:00+00:00,237,154,83,64.9789029535865,71.0,0.29957805907172996,1.855421686746988,7100.0,71.0,-1000.0,-10.0,5.962025316455696,116,121,36.0,35.0,154,83,0,69.50632911392417,473,242,0
atr_upstream,eurusd,H1,22655,2023-01-01 23:00:00+00:00,2026-08-21 20:00:00+00:00,222,151,71,68.01801801801803,80.0,0.36036036036036034,2.1267605633802815,8000.0,80.0,-500.0,-5.0,5.423423423423423,114,108,34.0,46.0,151,71,0,155.6756756756753,493,226,0
atr_upstream,eurusd,H4,21210,2013-01-01 22:00:00+00:00,2026-08-21 17:00:00+00:00,267,176,91,65.91760299625467,85.0,0.31835205992509363,1.934065934065934,8500.0,85.0,-500.0,-5.0,5.696629213483146,129,138,45.0,40.0,176,91,0,436.97752808988787,566,275,0
atr_upstream,eurusd,D1,6307,2002-05-07 00:00:00+00:00,2026-08-21 00:00:00+00:00,86,56,30,65.11627906976744,26.0,0.3023255813953488,1.8666666666666667,2600.0,26.0,-300.0,-3.0,3.744186046511628,40,46,10.0,16.0,56,30,0,1206.2325581395346,199,88,0
atr_upstream,gbpusd,M5,20086,2026-05-17 21:05:00+00:00,2026-08-21 20:55:00+00:00,183,122,61,66.66666666666666,61.0,0.3333333333333333,2.0,6100.0,61.0,-400.0,-4.0,7.404371584699454,98,85,26.0,35.0,122,61,0,47.114754098360635,411,187,0
atr_upstream,gbpusd,M15,22174,2025-09-30 21:00:00+00:00,2026-08-21 20:45:00+00:00,245,156,89,63.6734693877551,67.0,0.27346938775510204,1.752808988764045,6700.0,67.0,-1000.0,-10.0,7.338775510204082,134,111,50.0,17.0,156,89,0,93.9795918367351,515,254,0
atr_upstream,gbpusd,H1,22655,2023-01-01 23:00:00+00:00,2026-08-21 20:00:00+00:00,232,157,75,67.67241379310344,82.0,0.35344827586206895,2.0933333333333333,8200.0,82.0,-600.0,-6.0,6.357758620689655,124,108,38.0,44.0,157,75,0,204.92241379310389,496,240,0
atr_upstream,gbpusd,H4,21210,2013-01-01 22:00:00+00:00,2026-08-21 17:00:00+00:00,259,151,108,58.301158301158296,43.0,0.16602316602316602,1.3981481481481481,4300.0,43.0,-1100.0,-11.0,6.162162162162162,141,118,37.0,6.0,151,108,0,567.073359073359,557,266,0
atr_upstream,gbpusd,D1,6311,2002-05-07 00:00:00+00:00,2026-08-21 00:00:00+00:00,94,66,28,70.2127659574468,38.00000000000001,0.40425531914893625,2.3571428571428577,3800.000000000001,38.000000000000014,-300.0,-3.0,5.297872340425532,52,42,32.00000000000001,6.0,66,28,0,1464.75,192,96,0
atr_upstream,us100,M5,21307,2026-05-10 22:00:00+00:00,2026-08-21 20:55:00+00:00,246,162,84,65.85365853658537,78.0,0.3170731707317073,1.9285714285714286,7800.0,78.0,-500.0,-5.0,6.678861788617886,132,114,42.0,36.0,162,84,0,382.93495934959503,488,255,0
atr_upstream,us100,M15,21857,2025-09-30 21:00:00+00:00,2026-08-21 20:45:00+00:00,230,153,77,66.52173913043478,76.85010060362174,0.33413087218965976,2.009195037850264,7685.010060362175,76.85010060362175,-500.0,-5.0,5.178260869565217,140,90,58.85010060362175,18.0,153,76,1,467.3695652173916,487,237,0
atr_upstream,us100,H1,21841,2023-01-02 23:00:00+00:00,2026-08-21 20:00:00+00:00,202,128,74,63.366336633663366,54.0,0.26732673267326734,1.7297297297297298,5400.0,54.0,-500.0,-5.0,5.757425742574258,115,87,37.0,17.0,128,74,0,809.8514851485137,506,211,0
atr_upstream,us100,H4,14187,2017-04-30 22:00:00+00:00,2026-08-21 17:00:00+00:00,184,130,54,70.65217391304348,75.99999999999999,0.4130434782608695,2.407407407407407,7599.999999999998,75.99999999999997,-300.0,-3.0,6.336956521739131,136,48,61.999999999999986,14.0,130,54,0,1400.7771739130421,392,197,0
atr_upstream,us100,D1,2897,2015-04-20 00:00:00+00:00,2026-08-21 00:00:00+00:00,51,38,13,74.50980392156863,25.000000000000004,0.49019607843137264,2.9230769230769234,2500.0000000000005,25.000000000000007,-200.0,-2.0,4.568627450980392,41,10,21.000000000000004,4.0,38,13,0,2810.686274509803,80,54,0
atr_upstream,us30,M5,21299,2026-05-10 22:00:00+00:00,2026-08-21 20:55:00+00:00,209,140,69,66.98564593301435,71.0,0.3397129186602871,2.028985507246377,7100.0,71.0,-500.0,-5.0,4.755980861244019,117,92,35.0,36.0,140,69,0,339.9999999999993,430,216,0
atr_upstream,us30,M15,21855,2025-09-30 21:00:00+00:00,2026-08-21 20:45:00+00:00,200,129,71,64.5,58.0,0.29,1.8169014084507042,5800.0,57.99999999999999,-700.0,-7.000000000000001,7.4,111,89,29.0,29.0,129,71,0,614.2250000000007,436,209,0
atr_upstream,us30,H1,21841,2023-01-02 23:00:00+00:00,2026-08-21 20:00:00+00:00,217,146,71,67.2811059907834,75.0,0.3456221198156682,2.056338028169014,7500.0,75.0,-400.0,-4.0,5.0046082949308754,119,98,45.0,30.0,146,71,0,1007.1889400921646,502,223,0
atr_upstream,us30,H4,14102,2017-04-30 22:00:00+00:00,2026-08-21 17:00:00+00:00,162,102,60,62.96296296296296,42.0,0.25925925925925924,1.7,4200.0,42.0,-500.0,-5.0,5.351851851851852,102,60,30.0,12.0,102,60,0,2552.641975308641,347,167,0
atr_upstream,us30,D1,2403,2017-05-01 00:00:00+00:00,2026-08-21 00:00:00+00:00,34,24,10,70.58823529411765,14.0,0.4117647058823529,2.4,1400.0,14.000000000000002,-200.0,-2.0,5.647058823529412,24,10,8.0,6.0,24,10,0,4933.882352941173,73,37,0
atr_upstream,us500,M5,21257,2026-05-10 22:00:00+00:00,2026-08-21 20:55:00+00:00,188,129,59,68.61702127659575,70.0,0.3723404255319149,2.1864406779661016,7000.0,70.0,-500.0,-5.0,6.287234042553192,101,87,33.0,37.0,129,59,0,58.55319148936147,413,194,0
atr_upstream,us500,M15,21838,2025-09-30 21:00:00+00:00,2026-08-21 20:45:00+00:00,186,125,61,67.20430107526882,64.0,0.34408602150537637,2.0491803278688523,6400.0,64.0,-500.0,-5.0,6.311827956989247,105,81,39.0,25.0,125,61,0,94.28494623655902,416,191,0
atr_upstream,us500,H1,21826,2023-01-02 23:00:00+00:00,2026-08-21 20:00:00+00:00,203,144,59,70.93596059113301,85.0,0.4187192118226601,2.440677966101695,8500.0,85.0,-500.0,-5.0,6.0492610837438425,119,84,47.0,38.0,144,59,0,157.91133004926112,468,210,0
atr_upstream,us500,H4,14186,2017-04-30 22:00:00+00:00,2026-08-21 17:00:00+00:00,184,124,60,67.3913043478261,64.0000000000001,0.3478260869565223,2.0666666666666687,6400.00000000001,64.0000000000001,-1200.0,-12.0,6.864130434782608,137,47,57.000000000000114,7.0,124,60,0,318.4456521739133,368,192,0
atr_upstream,us500,D1,6991,1999-02-18 00:00:00+00:00,2026-08-21 00:00:00+00:00,94,64,30,68.08510638297872,34.0,0.3617021276595745,2.1333333333333333,3400.0,34.0,-300.0,-3.0,5.053191489361702,70,24,30.0,4.0,64,30,0,383.38297872340416,211,95,0
atr_upstream,xauusd,M5,20564,2026-05-10 22:00:00+00:00,2026-08-21 20:40:00+00:00,260,172,88,66.15384615384615,84.0,0.3230769230769231,1.9545454545454546,8400.0,84.0,-900.0,-9.0,4.719230769230769,120,140,34.0,50.0,172,88,0,578.2653846153886,509,264,0
atr_upstream,xauusd,M15,21007,2025-09-30 22:00:00+00:00,2026-08-21 20:30:00+00:00,230,165,65,71.73913043478261,99.99999999999997,0.43478260869565205,2.538461538461538,9999.999999999996,99.99999999999997,-600.0,-6.0,5.226086956521739,130,100,55.999999999999964,44.0,165,65,0,1308.6260869565217,476,235,0
atr_upstream,xauusd,H1,21516,2023-01-02 23:00:00+00:00,2026-08-21 20:00:00+00:00,258,176,82,68.21705426356588,94.00000000000003,0.3643410852713179,2.1463414634146343,9400.000000000002,94.00000000000001,-600.0,-6.0,5.333333333333333,140,118,54.00000000000002,40.0,176,82,0,1399.042635658914,538,262,0
atr_upstream,xauusd,H4,21049,2013-01-02 03:00:00+00:00,2026-08-21 18:00:00+00:00,273,178,95,65.2014652014652,83.0,0.304029304029304,1.8736842105263158,8300.0,83.0,-700.0,-7.000000000000001,5.0366300366300365,145,128,53.00000000000001,30.0,178,95,0,1451.0344322344324,572,280,0
atr_upstream,xauusd,D1,8787,1992-08-18 00:00:00+00:00,2026-08-21 00:00:00+00:00,116,79,37,68.10344827586206,42.0,0.3620689655172414,2.135135135135135,4200.0,42.0,-300.0,-3.0,4.801724137931035,67,49,23.000000000000004,19.0,79,37,0,2060.5681637931057,237,119,0
bar_close_spread,audusd,M5,20095,2026-05-17 21:05:00+00:00,2026-08-21 20:55:00+00:00,5,3,2,60.0,0.26240378690371613,0.052480757380743225,1.1256120158605967,26.240378690371614,0.26240378690371613,-105.38116591928338,-1.0538116591928337,637.6,3,2,-1.1971103831367509,1.459514170040467,3,2,0,302.9999999999977,5,5,0
bar_close_spread,audusd,M15,22176,2025-09-30 21:00:00+00:00,2026-08-21 20:45:00+00:00,16,10,6,62.5,0.8147676532452652,0.05092297832782908,1.129093011164708,81.47676532452653,0.8147676532452652,-318.41418597113807,-3.1841418597113806,81.0,12,4,1.5737099946009074,-0.7589423413556424,10,6,0,340.4999999999991,26,16,0
bar_close_spread,audusd,H1,22655,2023-01-01 23:00:00+00:00,2026-08-21 20:00:00+00:00,98,60,38,61.224489795918366,-5.2753314431417095,-0.05382991268511948,0.8674606259936298,-527.5331443141706,-5.275331443141706,-816.8317314568285,-8.168317314568284,17.918367346938776,46,52,-0.3571584446619984,-4.91817299847971,60,38,0,328.9489795918358,166,101,4
bar_close_spread,audusd,H4,21210,2013-01-01 22:00:00+00:00,2026-08-21 17:00:00+00:00,250,161,89,64.4,-6.972758173918089,-0.027891032695672356,0.9220692977872642,-697.2758173918087,-6.972758173918087,-1848.8817809443553,-18.488817809443553,8.264,115,135,-11.815877217176887,4.843119043258798,163,87,0,579.6839999999995,485,257,29
bar_close_spread,audusd,D1,6301,2002-05-07 00:00:00+00:00,2026-08-21 00:00:00+00:00,58,35,23,60.3448275862069,-10.137693798144912,-0.17478782410594676,0.5688511665293898,-1013.7693798144912,-10.137693798144912,-1254.2599037832733,-12.542599037832733,3.189655172413793,36,22,-7.191629920698404,-2.9460638774465107,35,23,0,837.1120689655182,216,58,16
bar_close_spread,eurgbp,M5,20103,2026-05-17 21:05:00+00:00,2026-08-21 20:55:00+00:00,0,0,0,,0.0,,,0.0,0.0,0.0,0.0,,0,0,0.0,0.0,0,0,0,,0,0,0
bar_close_spread,eurgbp,M15,22176,2025-09-30 21:00:00+00:00,2026-08-21 20:45:00+00:00,4,3,1,75.0,0.4681912250366973,0.11704780625917433,1.4500442783298502,46.81912250366973,0.46819122503669736,-104.03225806451519,-1.040322580645152,149.75,2,2,1.2116388056818266,-0.7434475806451293,3,1,0,317.4999999999983,6,4,0
bar_close_spread,eurgbp,H1,22655,2023-01-01 23:00:00+00:00,2026-08-21 20:00:00+00:00,37,25,12,67.56756756756756,5.517911400736268,0.14913274056043968,1.4541746731445124,551.7911400736267,5.517911400736267,-447.1197965645424,-4.471197965645424,26.783783783783782,20,17,0.3771380262811498,5.140773374455119,26,11,0,298.35135135135187,55,37,1
bar_close_spread,eurgbp,H4,21210,2013-01-01 22:00:00+00:00,2026-08-21 17:00:00+00:00,203,120,83,59.11330049261084,-18.371926073878438,-0.09050209888610068,0.7835109549691878,-1837.192607387843,-18.37192607387843,-2341.656238248491,-23.416562382484905,10.832512315270936,102,101,-2.030546626292065,-16.341379447586366,121,82,0,544.7463054187191,358,210,17
bar_close_spread,eurgbp,D1,6301,2002-05-08 00:00:00+00:00,2026-08-21 00:00:00+00:00,56,40,16,71.42857142857143,7.868925639529784,0.14051652927731756,1.4805267626245286,786.8925639529784,7.868925639529785,-474.1764134666464,-4.741764134666464,5.089285714285714,21,35,3.7388215357997456,4.130104103730038,40,16,0,730.1428571428575,183,58,19
bar_close_spread,eurusd,M5,20103,2026-05-17 21:05:00+00:00,2026-08-21 20:55:00+00:00,7,4,3,57.14285714285714,-1.0522505404811604,-0.15032150578302292,0.6644881792990898,-105.22505404811602,-1.0522505404811602,-104.65116279069662,-1.0465116279069662,176.85714285714286,5,2,-2.0300233953032345,0.9777728548220743,4,3,0,303.7142857142802,7,7,0
bar_close_spread,eurusd,M15,22176,2025-09-30 21:00:00+00:00,2026-08-21 20:45:00+00:00,21,15,6,71.42857142857143,3.2922077683804067,0.1567717984943051,1.593576500058715,329.2207768380408,3.2922077683804085,-175.25512844961486,-1.7525512844961486,36.19047619047619,12,9,-0.4817447369054049,3.7739525052858127,15,5,1,232.19047619047683,30,21,1
bar_close_spread,eurusd,H1,22655,2023-01-01 23:00:00+00:00,2026-08-21 20:00:00+00:00,96,52,44,54.166666666666664,-13.884533524974863,-0.1446305575518215,0.6793793820861785,-1388.4533524974863,-13.884533524974863,-1933.9030738760002,-19.339030738760002,20.364583333333332,50,46,-4.518101025564526,-9.366432499410335,54,42,0,423.4791666666679,189,101,9
bar_close_spread,eurusd,H4,21210,2013-01-01 22:00:00+00:00,2026-08-21 17:00:00+00:00,222,139,83,62.612612612612615,6.41779016845485,0.028908964722769596,1.0775596443063031,641.7790168454851,6.417790168454851,-718.1118345564319,-7.181118345564319,8.256756756756756,112,110,2.444608600142032,3.973181568312818,141,81,0,609.5810810810816,493,235,29
bar_close_spread,eurusd,D1,6307,2002-05-07 00:00:00+00:00,2026-08-21 00:00:00+00:00,41,24,17,58.536585365853654,-2.901759006985906,-0.0707746099264855,0.821745303346813,-290.1759006985906,-2.9017590069859063,-781.0879734621394,-7.810879734621394,1.9268292682926829,22,19,-7.607800913856041,4.7060419068701345,25,16,0,833.7926829268259,228,41,10
bar_close_spread,gbpusd,M5,20086,2026-05-17 21:05:00+00:00,2026-08-21 20:55:00+00:00,6,5,1,83.33333333333334,3.0232751109362566,0.5038791851560428,3.7930764984282774,302.3275110936257,3.0232751109362566,-108.24175824176382,-1.082417582417638,55.833333333333336,5,1,2.3514538050943368,0.6718213058419199,5,1,0,331.00000000000347,8,6,0
bar_close_spread,gbpusd,M15,22174,2025-09-30 21:00:00+00:00,2026-08-21 20:45:00+00:00,58,32,26,55.172413793103445,-8.340496605811136,-0.14380166561743338,0.7015667112792859,-834.0496605811138,-8.340496605811138,-1006.9509681146101,-10.069509681146101,26.75862068965517,37,21,-1.460387459108092,-6.880109146703044,32,26,0,304.60344827586187,82,58,2
bar_close_spread,gbpusd,H1,22655,2023-01-01 23:00:00+00:00,2026-08-21 20:00:00+00:00,129,65,64,50.3875968992248,-26.625868156912368,-0.20640207873575478,0.5985013681121994,-2662.5868156912366,-26.625868156912365,-2708.8541122847546,-27.08854112284755,17.25581395348837,66,63,-20.165456798925348,-6.460411357987013,67,62,0,448.92248062015557,248,136,17
bar_close_spread,gbpusd,H4,21210,2013-01-01 22:00:00+00:00,2026-08-21 17:00:00+00:00,213,114,99,53.52112676056338,-32.47607696444463,-0.1524698449034959,0.6776996725515124,-3247.607696444463,-32.47607696444463,-3273.595133645389,-32.73595133645389,6.39906103286385,116,97,-12.22957791039476,-20.246499054049874,115,98,0,671.6924882629111,547,218,29
bar_close_spread,gbpusd,D1,6311,2002-05-07 00:00:00+00:00,2026-08-21 00:00:00+00:00,19,15,4,78.94736842105263,2.179865302307712,0.11472975275303748,1.5335262867663935,217.98653023077128,2.179865302307713,-200.45885901547626,-2.004588590154763,2.0,12,7,2.2178205287410684,-0.03795522643335586,15,4,0,1137.2894736842084,216,19,26
bar_close_spread,us100,M5,21307,2026-05-10 22:00:00+00:00,2026-08-21 20:55:00+00:00,191,116,75,60.73298429319372,-19.265599742231533,-0.10086701435723315,0.741221006328749,-1926.5599742231534,-19.265599742231533,-2836.286492223422,-28.36286492223422,6.958115183246074,102,89,-9.076233291887146,-10.189366450344387,120,71,0,550.439790575916,404,192,21
bar_close_spread,us100,M15,21857,2025-09-30 21:00:00+00:00,2026-08-21 20:45:00+00:00,155,99,56,63.87096774193548,-8.174630973636168,-0.05273955466862044,0.8555765589917931,-817.4630973636167,-8.174630973636168,-1676.1988148561359,-16.761988148561358,5.2387096774193544,91,64,-3.418396601046477,-4.75623437258969,101,54,0,578.5870967741922,466,159,43
bar_close_spread,us100,H1,21841,2023-01-02 23:00:00+00:00,2026-08-21 20:00:00+00:00,118,70,48,59.32203389830508,-14.567826380172992,-0.1234561557641779,0.6930623001817378,-1456.7826380172992,-14.56782638017299,-1528.755258039695,-15.287552580396952,4.720338983050848,80,38,-5.900088608342103,-8.667737771830891,72,46,0,714.3135593220342,543,119,38
bar_close_spread,us100,H4,14187,2017-04-30 22:00:00+00:00,2026-08-21 17:00:00+00:00,77,42,35,54.54545454545454,-8.12664357318078,-0.10554082562572442,0.7524294077672049,-812.664357318078,-8.12664357318078,-1276.5054672840542,-12.765054672840542,6.2727272727272725,57,20,-5.790519219493923,-2.3361243536868552,45,32,0,780.0389610389598,440,79,23
bar_close_spread,us100,D1,2897,2015-04-20 00:00:00+00:00,2026-08-21 00:00:00+00:00,9,7,2,77.77777777777779,0.4149301253888763,0.0461033472654307,1.2035481498606422,41.49301253888765,0.4149301253888764,-101.92061459667093,-1.0192061459667092,1.6666666666666667,9,0,0.4149301253888763,0.0,7,2,0,937.5555555555558,95,9,10
bar_close_spread,us30,M5,21299,2026-05-10 22:00:00+00:00,2026-08-21 20:55:00+00:00,138,84,54,60.86956521739131,-9.353884055427166,-0.06778176851758816,0.8269599977035944,-935.3884055427163,-9.353884055427162,-1337.7850993566008,-13.377850993566007,7.608695652173913,76,62,-2.527011565961626,-6.8268724894655355,88,50,0,529.391304347828,323,140,27
bar_close_spread,us30,M15,21855,2025-09-30 21:00:00+00:00,2026-08-21 20:45:00+00:00,128,72,56,56.25,-25.49809152180569,-0.19920384001410696,0.5238880521795017,-2549.809152180568,-25.498091521805684,-2622.780633963008,-26.227806339630078,4.46875,69,59,-10.42941867748155,-15.068672844324135,77,51,0,636.1249999999995,454,130,39
bar_close_spread,us30,H1,21841,2023-01-02 23:00:00+00:00,2026-08-21 20:00:00+00:00,100,62,38,62.0,-9.69342969852781,-0.0969342969852781,0.7457864278880344,-969.3429698527812,-9.693429698527812,-1547.2861223166983,-15.472861223166984,2.95,60,40,-2.1646865209350032,-7.528743177592807,63,37,0,810.0200000000004,601,101,54
bar_close_spread,us30,H4,14102,2017-04-30 22:00:00+00:00,2026-08-21 17:00:00+00:00,21,12,9,57.14285714285714,-2.2890687991729166,-0.10900327615109126,0.7213029399027767,-228.90687991729163,-2.2890687991729166,-400.3360313841058,-4.003360313841058,1.6666666666666667,13,8,0.7290835623214644,-3.018152361494381,13,8,0,906.4761904761898,423,21,17
bar_close_spread,us30,D1,2403,2017-05-01 00:00:00+00:00,2026-08-21 00:00:00+00:00,2,1,1,50.0,-0.9323076923076922,-0.4661538461538461,0.09100000000000001,-93.23076923076923,-0.9323076923076922,0.0,0.0,1.0,2,0,-0.9323076923076922,0.0,1,1,0,1140.0,92,2,3
bar_close_spread,us500,M5,21257,2026-05-10 22:00:00+00:00,2026-08-21 20:55:00+00:00,10,3,7,30.0,-5.257052055609155,-0.5257052055609155,0.2692395498014689,-525.7052055609155,-5.257052055609155,-648.0154043227358,-6.480154043227358,53.1,6,4,-2.4676943146517414,-2.7893577409574135,3,7,0,318.0,16,10,2
bar_close_spread,us500,M15,21838,2025-09-30 21:00:00+00:00,2026-08-21 20:45:00+00:00,45,22,23,48.888888888888886,-9.662339339963507,-0.21471865199918905,0.5912130006872379,-966.2339339963504,-9.662339339963504,-1446.7486425919124,-14.467486425919123,31.6,22,23,-4.289190758849987,-5.3731485811135205,22,23,0,361.51111111111015,84,51,4
bar_close_spread,us500,H1,21826,2023-01-02 23:00:00+00:00,2026-08-21 20:00:00+00:00,102,61,41,59.80392156862745,-4.450895514117856,-0.04363623053056721,0.8929990915963202,-445.08955141178575,-4.450895514117857,-1030.2805781080715,-10.302805781080714,23.029411764705884,44,58,-0.7862748229780923,-3.6646206911397665,61,41,0,435.3039215686271,169,107,11
bar_close_spread,us500,H4,14186,2017-04-30 22:00:00+00:00,2026-08-21 17:00:00+00:00,137,88,49,64.23357664233576,5.295981489436748,0.038656799192968966,1.1064694621024915,529.5981489436746,5.295981489436746,-1019.7319474469186,-10.197319474469186,11.299270072992702,83,54,7.593017320733772,-2.297035831297025,88,49,0,539.3941605839412,243,143,8
bar_close_spread,us500,D1,6991,1999-02-18 00:00:00+00:00,2026-08-21 00:00:00+00:00,58,37,21,63.793103448275865,0.25771565513042466,0.004443373364317667,1.0127026430906931,25.771565513042468,0.25771565513042466,-851.6074838367476,-8.516074838367476,7.241379310344827,44,14,3.328253131669463,-3.07053747653904,38,20,0,495.2068965517241,151,58,7
bar_close_spread,xauusd,M5,20564,2026-05-10 22:00:00+00:00,2026-08-21 20:40:00+00:00,192,117,75,60.9375,-19.050799988029333,-0.09922291660431944,0.7382055503615552,-1905.0799988029335,-19.050799988029336,-2182.996556747127,-21.82996556747127,4.119791666666667,86,106,-6.837976421844434,-12.212823566184898,125,67,0,679.6979166666641,536,194,50
bar_close_spread,xauusd,M15,21007,2025-09-30 22:00:00+00:00,2026-08-21 20:30:00+00:00,96,62,34,64.58333333333334,-7.420252480003772,-0.07729429666670597,0.7753124553620988,-742.0252480003774,-7.420252480003773,-939.4318237435946,-9.394318237435947,2.5729166666666665,49,47,-2.7684283580156652,-4.651824121988106,65,31,0,889.8541666666706,608,96,47
bar_close_spread,xauusd,H1,21516,2023-01-02 23:00:00+00:00,2026-08-21 20:00:00+00:00,111,65,46,58.55855855855856,-14.2229483076467,-0.12813466943825855,0.6844272370949857,-1422.2948307646702,-14.222948307646702,-1759.2962359061203,-17.592962359061204,4.063063063063063,64,47,-5.569159420912294,-8.653788886734407,68,43,0,748.3243243243234,618,111,49
bar_close_spread,xauusd,H4,21049,2013-01-02 03:00:00+00:00,2026-08-21 18:00:00+00:00,115,63,52,54.78260869565217,-23.665610529708733,-0.20578791764964116,0.5360334991382916,-2366.561052970873,-23.66561052970873,-2716.9713498981837,-27.169713498981835,3.139130434782609,58,57,-11.263672447541419,-12.401938082167312,66,49,0,831.0260869565212,647,115,44
bar_close_spread,xauusd,D1,8787,1992-08-18 00:00:00+00:00,2026-08-21 00:00:00+00:00,36,22,14,61.111111111111114,-4.809496781174213,-0.1335971328103948,0.652687388602087,-480.9496781174213,-4.809496781174213,-593.5122926094773,-5.935122926094773,4.25,21,15,1.2473122249892488,-6.056809006163462,23,13,0,723.3055555555559,269,36,17
live_fill,audusd,M5,20095,2026-05-17 21:05:00+00:00,2026-08-21 20:55:00+00:00,5,3,2,60.0,1.0,0.2,1.5,100.0,1.0,-100.0,-1.0,638.0,3,2,-1.0,2.0,3,2,0,292.87999999999977,5,5,0
live_fill,audusd,M15,22176,2025-09-30 21:00:00+00:00,2026-08-21 20:45:00+00:00,16,9,7,56.25,2.0,0.125,1.2857142857142858,200.0,2.0,-300.0,-3.0,93.375,12,4,4.0,-2.0,9,7,0,324.137499999999,26,16,0
live_fill,audusd,H1,22655,2023-01-01 23:00:00+00:00,2026-08-21 20:00:00+00:00,103,58,45,56.310679611650485,13.0,0.1262135922330097,1.288888888888889,1300.0,13.0,-500.0,-5.0,19.42718446601942,49,54,9.0,4.0,58,45,0,304.27572815533955,166,107,0
live_fill,audusd,H4,21210,2013-01-01 22:00:00+00:00,2026-08-21 17:00:00+00:00,278,154,124,55.39568345323741,30.0,0.1079136690647482,1.2419354838709677,3000.0,30.0,-1800.0,-18.0,9.489208633093526,132,146,14.0,16.0,154,124,0,474.19712230215833,485,293,0
live_fill,audusd,D1,6301,2002-05-07 00:00:00+00:00,2026-08-21 00:00:00+00:00,71,42,29,59.154929577464785,13.0,0.18309859154929578,1.4482758620689655,1300.0,13.0,-400.0,-4.0,3.112676056338028,41,30,7.0,6.0,42,29,0,591.7521126760564,216,71,0
live_fill,eurgbp,M5,20103,2026-05-17 21:05:00+00:00,2026-08-21 20:55:00+00:00,0,0,0,,0.0,,,0.0,0.0,0.0,0.0,,0,0,0.0,0.0,0,0,0,,0,0,0
live_fill,eurgbp,M15,22176,2025-09-30 21:00:00+00:00,2026-08-21 20:45:00+00:00,4,2,2,50.0,0.0,0.0,1.0,0.0,0.0,-100.0,-1.0,234.0,2,2,0.0,0.0,2,2,0,277.9000000000003,6,4,0
live_fill,eurgbp,H1,22655,2023-01-01 23:00:00+00:00,2026-08-21 20:00:00+00:00,39,21,18,53.84615384615385,3.0,0.07692307692307693,1.1666666666666667,300.0,3.0,-800.0,-8.0,34.35897435897436,22,17,2.0,1.0,21,18,0,294.88717948717874,55,39,0
live_fill,eurgbp,H4,21210,2013-01-01 22:00:00+00:00,2026-08-21 17:00:00+00:00,220,121,99,55.00000000000001,22.0,0.1,1.2222222222222223,2200.0,22.0,-1800.0,-18.0,13.477272727272727,113,107,19.0,3.0,121,99,0,472.0672727272725,358,231,0
live_fill,eurgbp,D1,6301,2002-05-08 00:00:00+00:00,2026-08-21 00:00:00+00:00,73,47,26,64.38356164383562,21.0,0.2876712328767123,1.8076923076923077,2100.0,21.0,-700.0,-7.000000000000001,4.835616438356165,28,45,10.0,11.0,47,26,0,540.5082191780823,183,77,0
live_fill,eurusd,M5,20103,2026-05-17 21:05:00+00:00,2026-08-21 20:55:00+00:00,7,4,3,57.14285714285714,1.0,0.14285714285714285,1.3333333333333333,100.0,1.0,-100.0,-1.0,177.42857142857142,5,2,-1.0,2.0,4,3,0,276.2000000000058,7,7,0
live_fill,eurusd,M15,22176,2025-09-30 21:00:00+00:00,2026-08-21 20:45:00+00:00,22,13,9,59.09090909090909,3.128466687918409,0.1422030312690186,1.3476074097687123,312.8466687918409,3.128466687918409,-300.0,-3.0,45.54545454545455,12,10,-4.871533312081591,8.0,12,9,1,225.36363636363714,30,22,0
live_fill,eurusd,H1,22655,2023-01-01 23:00:00+00:00,2026-08-21 20:00:00+00:00,108,55,53,50.92592592592593,2.0,0.018518518518518517,1.0377358490566038,200.0,2.0,-1800.0,-18.0,21.12037037037037,56,52,-2.0,4.0,55,53,0,364.78518518518626,189,113,0
live_fill,eurusd,H4,21210,2013-01-01 22:00:00+00:00,2026-08-21 17:00:00+00:00,242,134,108,55.371900826446286,25.999999999999986,0.10743801652892557,1.2407407407407407,2599.999999999999,25.99999999999999,-900.0000000000018,-9.000000000000018,7.966942148760331,124,118,15.999999999999986,10.0,134,108,0,524.8876033057852,493,259,0
live_fill,eurusd,D1,6307,2002-05-07 00:00:00+00:00,2026-08-21 00:00:00+00:00,42,23,19,54.761904761904766,4.0,0.09523809523809523,1.2105263157894737,400.0,4.0,-500.0,-5.0,2.0476190476190474,18,24,-2.0,6.0,23,19,0,635.6428571428563,228,42,0
live_fill,gbpusd,M5,20086,2026-05-17 21:05:00+00:00,2026-08-21 20:55:00+00:00,6,4,2,66.66666666666666,2.0,0.3333333333333333,2.0,200.0,2.0,-100.0,-1.0,124.16666666666667,5,1,1.0,1.0,4,2,0,320.2000000000001,8,6,0
live_fill,gbpusd,M15,22174,2025-09-30 21:00:00+00:00,2026-08-21 20:45:00+00:00,58,25,33,43.103448275862064,-8.0,-0.13793103448275862,0.7575757575757576,-800.0,-8.0,-1000.0,-10.0,37.775862068965516,36,22,-2.0,-6.0,25,33,0,288.97586206896426,82,59,0
live_fill,gbpusd,H1,22655,2023-01-01 23:00:00+00:00,2026-08-21 20:00:00+00:00,147,69,78,46.93877551020408,-9.0,-0.061224489795918366,0.8846153846153846,-900.0,-9.0,-1100.0,-11.0,17.1156462585034,77,70,-13.0,4.0,69,78,0,387.83129251700706,248,155,0
live_fill,gbpusd,H4,21210,2013-01-01 22:00:00+00:00,2026-08-21 17:00:00+00:00,230,118,112,51.30434782608696,6.0,0.02608695652173913,1.0535714285714286,600.0,6.0,-1700.0,-17.0,6.369565217391305,130,100,6.0,0.0,118,112,0,568.797391304348,547,238,0
live_fill,gbpusd,D1,6311,2002-05-07 00:00:00+00:00,2026-08-21 00:00:00+00:00,31,18,13,58.06451612903226,5.0,0.16129032258064516,1.3846153846153846,500.0,5.0,-400.0,-4.0,1.6774193548387097,16,15,2.0,3.0,18,13,0,613.5967741935463,216,31,0
live_fill,us100,M5,21307,2026-05-10 22:00:00+00:00,2026-08-21 20:55:00+00:00,222,115,107,51.80180180180181,8.0,0.036036036036036036,1.074766355140187,800.0,8.0,-1400.0,-14.000000000000002,7.2792792792792795,115,107,3.0,5.0,115,107,0,449.3729729729727,404,226,0
live_fill,us100,M15,21857,2025-09-30 21:00:00+00:00,2026-08-21 20:45:00+00:00,191,117,74,61.25654450261781,43.0,0.225130890052356,1.5810810810810811,4300.0,43.0,-800.0,-8.0,4.680628272251309,115,76,27.0,16.0,117,74,0,465.83246073298324,466,196,0
live_fill,us100,H1,21841,2023-01-02 23:00:00+00:00,2026-08-21 20:00:00+00:00,148,83,65,56.08108108108109,18.0,0.12162162162162163,1.2769230769230768,1800.0,18.0,-700.0,-7.000000000000001,3.8716216216216215,99,49,13.0,5.0,83,65,0,544.8094594594588,543,151,0
live_fill,us100,H4,14187,2017-04-30 22:00:00+00:00,2026-08-21 17:00:00+00:00,94,50,44,53.191489361702125,6.0,0.06382978723404255,1.1363636363636365,600.0,6.0,-500.0,-5.0,5.574468085106383,71,23,9.0,-3.0,50,44,0,595.9489361702124,440,98,0
live_fill,us100,D1,2897,2015-04-20 00:00:00+00:00,2026-08-21 00:00:00+00:00,16,10,6,62.5,4.0,0.25,1.6666666666666667,400.0,4.0,-200.0,-2.0,1.6875,13,3,3.0,1.0,10,6,0,633.9000000000004,95,16,0
live_fill,us30,M5,21299,2026-05-10 22:00:00+00:00,2026-08-21 20:55:00+00:00,167,95,72,56.886227544910184,23.0,0.1377245508982036,1.3194444444444444,2300.0,23.0,-500.0,-5.0,6.706586826347305,95,72,13.0,10.0,95,72,0,430.5005988023974,323,172,0
live_fill,us30,M15,21855,2025-09-30 21:00:00+00:00,2026-08-21 20:45:00+00:00,170,89,81,52.352941176470594,8.0,0.047058823529411764,1.0987654320987654,800.0,8.0,-1400.0,-14.000000000000002,4.4,88,82,8.0,0.0,89,81,0,464.4882352941191,454,172,0
live_fill,us30,H1,21841,2023-01-02 23:00:00+00:00,2026-08-21 20:00:00+00:00,130,79,51,60.76923076923077,28.0,0.2153846153846154,1.5490196078431373,2800.0,28.000000000000004,-400.0,-4.0,2.8461538461538463,82,48,20.0,8.0,79,51,0,549.689230769231,601,132,0
live_fill,us30,H4,14102,2017-04-30 22:00:00+00:00,2026-08-21 17:00:00+00:00,37,17,20,45.94594594594595,-3.0,-0.08108108108108109,0.85,-300.0,-3.0,-700.0,-7.000000000000001,1.3783783783783783,31,6,-1.0,-2.0,17,20,0,550.318918918917,423,37,0
live_fill,us30,D1,2403,2017-05-01 00:00:00+00:00,2026-08-21 00:00:00+00:00,4,2,2,50.0,0.0,0.0,1.0,0.0,0.0,-100.0,-1.0,1.0,2,2,0.0,0.0,2,2,0,313.75,92,4,0
live_fill,us500,M5,21257,2026-05-10 22:00:00+00:00,2026-08-21 20:55:00+00:00,13,5,8,38.46153846153847,-3.0,-0.23076923076923078,0.625,-300.0,-3.0,-600.0,-6.0,41.07692307692308,7,6,-3.0,0.0,5,8,0,271.56923076923005,16,13,0
live_fill,us500,M15,21838,2025-09-30 21:00:00+00:00,2026-08-21 20:45:00+00:00,51,21,30,41.17647058823529,-9.0,-0.17647058823529413,0.7,-900.0,-9.0,-1600.0,-16.0,31.96078431372549,26,25,-2.0,-7.0,21,30,0,319.4901960784304,84,58,0
live_fill,us500,H1,21826,2023-01-02 23:00:00+00:00,2026-08-21 20:00:00+00:00,110,59,51,53.63636363636364,8.0,0.07272727272727272,1.1568627450980393,800.0,8.0,-800.0,-8.0,24.181818181818183,48,62,4.0,4.0,59,51,0,391.62181818181745,169,117,0
live_fill,us500,H4,14186,2017-04-30 22:00:00+00:00,2026-08-21 17:00:00+00:00,145,84,61,57.931034482758626,23.00000000000001,0.15862068965517248,1.3770491803278688,2300.000000000001,23.00000000000001,-800.0,-8.0,12.4,89,56,23.00000000000001,0.0,84,61,0,471.7696551724138,243,152,0
live_fill,us500,D1,6991,1999-02-18 00:00:00+00:00,2026-08-21 00:00:00+00:00,72,38,34,52.77777777777778,3.9999999999999867,0.05555555555555537,1.117647058823529,399.9999999999987,3.9999999999999867,-1000.0,-10.0,7.847222222222222,53,19,2.9999999999999867,1.0,38,34,0,398.07499999999976,151,74,0
live_fill,xauusd,M5,20564,2026-05-10 22:00:00+00:00,2026-08-21 20:40:00+00:00,240,123,117,51.24999999999999,6.0,0.025,1.0512820512820513,600.0,6.0,-1300.0,-13.0,4.7375,100,140,2.0,4.0,123,117,0,522.5525000000014,536,241,0
live_fill,xauusd,M15,21007,2025-09-30 22:00:00+00:00,2026-08-21 20:30:00+00:00,133,73,60,54.88721804511278,13.0,0.09774436090225563,1.2166666666666666,1300.0,13.0,-800.0,-8.0,2.338345864661654,74,59,14.0,-1.0,73,60,0,618.2360902255645,608,133,0
live_fill,xauusd,H1,21516,2023-01-02 23:00:00+00:00,2026-08-21 20:00:00+00:00,147,77,70,52.38095238095239,7.0,0.047619047619047616,1.1,700.0,7.000000000000001,-1100.0,-11.0,4.258503401360544,79,68,1.0,6.0,77,70,0,580.1469387755089,618,148,0
live_fill,xauusd,H4,21049,2013-01-02 03:00:00+00:00,2026-08-21 18:00:00+00:00,142,69,73,48.59154929577465,-4.0,-0.028169014084507043,0.9452054794520548,-400.0,-4.0,-1900.0,-19.0,3.176056338028169,80,62,6.0,-10.0,69,73,0,614.3098591549285,647,143,0
live_fill,xauusd,D1,8787,1992-08-18 00:00:00+00:00,2026-08-21 00:00:00+00:00,50,28,22,56.00000000000001,6.0,0.12,1.2727272727272727,600.0,6.0,-400.0,-4.0,4.28,32,18,6.0,0.0,28,22,0,537.3195999999999,269,50,0
live_fill_spread,audusd,M5,20095,2026-05-17 21:05:00+00:00,2026-08-21 20:55:00+00:00,5,3,2,60.0,0.7761687230651062,0.15523374461302125,1.36965205751738,77.61687230651063,0.7761687230651063,-105.99400599400542,-1.0599400599400541,638.0,3,2,-1.125837518922971,1.9020062419880772,3,2,0,292.87999999999977,5,5,0
live_fill_spread,audusd,M15,22176,2025-09-30 21:00:00+00:00,2026-08-21 20:45:00+00:00,16,9,7,56.25,1.2044375973841541,0.07527734983650963,1.164307126040465,120.44375973841537,1.2044375973841537,-317.5766921732593,-3.1757669217325932,93.375,12,4,3.3678076274077826,-2.1633700300236294,9,7,0,324.137499999999,26,16,0
live_fill_spread,audusd,H1,22655,2023-01-01 23:00:00+00:00,2026-08-21 20:00:00+00:00,103,58,45,56.310679611650485,8.0220549849419,0.07788402898001844,1.1700391145549123,802.2054984941898,8.022054984941898,-545.1714862711797,-5.451714862711797,19.42718446601942,49,54,6.692657070279821,1.3293979146620767,58,45,0,304.27572815533955,166,107,0
live_fill_spread,audusd,H4,21210,2013-01-01 22:00:00+00:00,2026-08-21 17:00:00+00:00,278,154,124,55.39568345323741,19.88205858434993,0.07151819634658249,1.154491017549032,1988.205858434993,19.88205858434993,-1935.385491209914,-19.35385491209914,9.489208633093526,132,146,9.02796879706103,10.854089787288899,154,124,0,474.19712230215833,485,293,0
live_fill_spread,audusd,D1,6301,2002-05-07 00:00:00+00:00,2026-08-21 00:00:00+00:00,71,42,29,59.154929577464785,10.742153467688686,0.1512979361646294,1.3574215483058467,1074.2153467688686,10.742153467688686,-471.96301361019323,-4.719630136101932,3.112676056338028,41,30,5.518609476274489,5.223543991414198,42,29,0,591.7521126760564,216,71,0
live_fill_spread,eurgbp,M5,20103,2026-05-17 21:05:00+00:00,2026-08-21 20:55:00+00:00,0,0,0,,0.0,,,0.0,0.0,0.0,0.0,,0,0,0.0,0.0,0,0,0,,0,0,0
live_fill_spread,eurgbp,M15,22176,2025-09-30 21:00:00+00:00,2026-08-21 20:45:00+00:00,4,2,2,50.0,-0.22241102808392454,-0.055602757020981136,0.8950606410724533,-22.24110280839247,-0.22241102808392468,-117.09706988658218,-1.1709706988658217,234.0,2,2,-0.12453974442277327,-0.09787128366115128,2,2,0,277.9000000000003,6,4,0
live_fill_spread,eurgbp,H1,22655,2023-01-01 23:00:00+00:00,2026-08-21 20:00:00+00:00,39,21,18,53.84615384615385,0.24439713847445366,0.00626659329421676,1.0127084617173459,24.43971384744549,0.24439713847445488,-948.6700208211314,-9.486700208211314,34.35897435897436,22,17,0.2258718083824054,0.01852533009204882,21,18,0,294.88717948717874,55,39,0
live_fill_spread,eurgbp,H4,21210,2013-01-01 22:00:00+00:00,2026-08-21 17:00:00+00:00,220,121,99,55.00000000000001,12.621242729214924,0.05736928513279511,1.1229093725429349,1262.1242729214919,12.621242729214918,-2168.9949374768894,-21.689949374768894,13.477272727272727,113,107,14.422465762233212,-1.801223033018292,121,99,0,472.0672727272725,358,231,0
live_fill_spread,eurgbp,D1,6301,2002-05-08 00:00:00+00:00,2026-08-21 00:00:00+00:00,73,47,26,64.38356164383562,15.08031708451652,0.2065796860892674,1.5021973433895799,1508.0317084516519,15.080317084516517,-770.3888523696569,-7.703888523696569,4.835616438356165,28,45,8.882153724852943,6.198163359663577,47,26,0,540.5082191780823,183,77,0
live_fill_spread,eurusd,M5,20103,2026-05-17 21:05:00+00:00,2026-08-21 20:55:00+00:00,7,4,3,57.14285714285714,0.650928454496016,0.09298977921371657,1.207205850197669,65.09284544960164,0.6509284544960164,-104.66853408029783,-1.0466853408029784,177.42857142857142,5,2,-1.2229101243170697,1.8738385788130858,4,3,0,276.2000000000058,7,7,0
live_fill_spread,eurusd,M15,22176,2025-09-30 21:00:00+00:00,2026-08-21 20:45:00+00:00,22,13,9,59.09090909090909,1.8550828313998964,0.08432194688181348,1.192714911956831,185.50828313998974,1.8550828313998975,-350.496085206134,-3.5049608520613402,45.54545454545455,12,10,-5.552424462468367,7.407507293868264,12,9,1,225.36363636363714,30,22,0
live_fill_spread,eurusd,H1,22655,2023-01-01 23:00:00+00:00,2026-08-21 20:00:00+00:00,108,55,53,50.92592592592593,-2.804931725919057,-0.025971590054806086,0.9493039430844521,-280.4931725919054,-2.804931725919054,-2070.164159523527,-20.70164159523527,21.12037037037037,56,52,-4.61961782280223,1.8146860968831706,55,53,0,364.78518518518626,189,113,0
live_fill_spread,eurusd,H4,21210,2013-01-01 22:00:00+00:00,2026-08-21 17:00:00+00:00,242,134,108,55.371900826446286,18.380610508344855,0.0759529359848961,1.1643902467315979,1838.0610508344857,18.38061050834486,-1149.0177354680163,-11.490177354680164,7.966942148760331,124,118,12.59083940768826,5.7897711006565995,134,108,0,524.8876033057852,493,259,0
live_fill_spread,eurusd,D1,6307,2002-05-07 00:00:00+00:00,2026-08-21 00:00:00+00:00,42,23,19,54.761904761904766,2.7753419102370955,0.06607956929135941,1.1412017774371015,277.53419102370947,2.7753419102370946,-522.9724190060006,-5.229724190060005,2.0476190476190474,18,24,-2.394296621606029,5.169638531843125,23,19,0,635.6428571428563,228,42,0
live_fill_spread,gbpusd,M5,20086,2026-05-17 21:05:00+00:00,2026-08-21 20:55:00+00:00,6,4,2,66.66666666666666,1.6485699012142847,0.2747616502023808,1.7581929976589263,164.8569901214285,1.6485699012142851,-120.32982394423198,-1.2032982394423197,124.16666666666667,5,1,0.6775274301718309,0.9710424710424538,4,2,0,320.2000000000001,8,6,0
live_fill_spread,gbpusd,M15,22174,2025-09-30 21:00:00+00:00,2026-08-21 20:45:00+00:00,58,25,33,43.103448275862064,-12.23950175036403,-0.21102589224765567,0.6573310619233397,-1223.9501750364032,-12.239501750364031,-1408.6041812464446,-14.086041812464444,37.775862068965516,36,22,-4.888873523284278,-7.3506282270797545,25,33,0,288.97586206896426,82,59,0
live_fill_spread,gbpusd,H1,22655,2023-01-01 23:00:00+00:00,2026-08-21 20:00:00+00:00,147,69,78,46.93877551020408,-18.416431729553377,-0.1252818485003631,0.7781361814310704,-1841.6431729553383,-18.416431729553384,-1935.7096286515352,-19.35709628651535,17.1156462585034,77,70,-18.248009258022048,-0.16842247153133183,69,78,0,387.83129251700706,248,155,0
live_fill_spread,gbpusd,H4,21210,2013-01-01 22:00:00+00:00,2026-08-21 17:00:00+00:00,230,118,112,51.30434782608696,-2.107840212575023,-0.009164522663369664,0.9817732952872561,-210.7840212575026,-2.107840212575026,-2023.4567794648028,-20.23456779464803,6.369565217391305,130,100,1.733963651753259,-3.84180386432828,118,112,0,568.797391304348,547,238,0
live_fill_spread,gbpusd,D1,6311,2002-05-07 00:00:00+00:00,2026-08-21 00:00:00+00:00,31,18,13,58.06451612903226,3.73076066705371,0.12034711829205516,1.2704790969958133,373.07606670537075,3.730760667053708,-428.30418177239153,-4.283041817723916,1.6774193548387097,16,15,1.2598542734877087,2.470906393566002,18,13,0,613.5967741935463,216,31,0
live_fill_spread,us100,M5,21307,2026-05-10 22:00:00+00:00,2026-08-21 20:55:00+00:00,222,115,107,51.80180180180181,-4.217066704917991,-0.01899579596809906,0.9626975693934732,-421.706670491799,-4.21706670491799,-1884.5608132943798,-18.8456081329438,7.2792792792792795,115,107,-2.703277973320296,-1.513788731597693,115,107,0,449.3729729729727,404,226,0
live_fill_spread,us100,M15,21857,2025-09-30 21:00:00+00:00,2026-08-21 20:45:00+00:00,191,117,74,61.25654450261781,33.60403294752851,0.17593734527501836,1.4328564650609688,3360.4032947528503,33.60403294752851,-1016.2583136134399,-10.1625831361344,4.680628272251309,115,76,20.86150957481493,12.742523372713569,117,74,0,465.83246073298324,466,196,0
live_fill_spread,us100,H1,21841,2023-01-02 23:00:00+00:00,2026-08-21 20:00:00+00:00,148,83,65,56.08108108108109,11.537619488915825,0.07795688843862043,1.1693811125300464,1153.7619488915825,11.537619488915825,-840.6536098514043,-8.406536098514044,3.8716216216216215,99,49,8.408015051878866,3.1296044370369582,83,65,0,544.8094594594588,543,151,0
live_fill_spread,us100,H4,14187,2017-04-30 22:00:00+00:00,2026-08-21 17:00:00+00:00,94,50,44,53.191489361702125,-4.2092485465430425,-0.044779239856840874,0.9193217764622686,-420.92485465430445,-4.209248546543044,-1311.5995303721356,-13.115995303721355,5.574468085106383,71,23,-0.035694105809043974,-4.1735544407340015,50,44,0,595.9489361702124,440,98,0
live_fill_spread,us100,D1,2897,2015-04-20 00:00:00+00:00,2026-08-21 00:00:00+00:00,16,10,6,62.5,3.503679002659033,0.21897993766618956,1.55844421905497,350.36790026590336,3.503679002659034,-217.77245729545575,-2.1777245729545576,1.6875,13,3,2.5613354892288323,0.9423435134302012,10,6,0,633.9000000000004,95,16,0
live_fill_spread,us30,M5,21299,2026-05-10 22:00:00+00:00,2026-08-21 20:55:00+00:00,167,94,73,56.287425149700596,6.812956711293688,0.04079614797181849,1.0847355143435295,681.2956711293682,6.8129567112936815,-1079.4204269355887,-10.794204269355886,6.706586826347305,95,72,1.4048209650623347,5.40813574623135,95,72,0,430.5005988023974,323,172,0
live_fill_spread,us30,M15,21855,2025-09-30 21:00:00+00:00,2026-08-21 20:45:00+00:00,170,88,82,51.76470588235295,-6.012924152325025,-0.03537014207250015,0.9317266012585512,-601.2924152325028,-6.012924152325027,-2051.602732368683,-20.51602732368683,4.4,88,82,3.05015332801898,-9.063077480344006,89,81,0,464.4882352941191,454,172,0
live_fill_spread,us30,H1,21841,2023-01-02 23:00:00+00:00,2026-08-21 20:00:00+00:00,130,79,51,60.76923076923077,19.902232264800524,0.15309409434461943,1.3604675598947034,1990.2232264800527,19.902232264800528,-576.3939005108259,-5.763939005108258,2.8461538461538463,82,48,14.1787726048378,5.723459659962722,79,51,0,549.689230769231,601,132,0
live_fill_spread,us30,H4,14102,2017-04-30 22:00:00+00:00,2026-08-21 17:00:00+00:00,37,17,20,45.94594594594595,-4.9801261712179485,-0.13459800462751212,0.7631385580765818,-498.0126171217949,-4.9801261712179485,-798.2123351841656,-7.982123351841655,1.3783783783783783,31,6,-2.4381675600722863,-2.541958611145664,17,20,0,550.318918918917,423,37,0
live_fill_spread,us30,D1,2403,2017-05-01 00:00:00+00:00,2026-08-21 00:00:00+00:00,4,2,2,50.0,-0.6234780419511118,-0.15586951048777795,0.7541987272918792,-62.347804195111195,-0.6234780419511119,-145.45454545452958,-1.4545454545452958,1.0,2,2,-0.1350457693780185,-0.4884322725730933,2,2,0,313.75,92,4,0
live_fill_spread,us500,M5,21257,2026-05-10 22:00:00+00:00,2026-08-21 20:55:00+00:00,13,5,8,38.46153846153847,-3.495778087670323,-0.268906006743871,0.5773844578311028,-349.57780876703225,-3.4957780876703226,-626.9593998849487,-6.269593998849486,41.07692307692308,7,6,-3.266961980129337,-0.2288161075409859,5,8,0,271.56923076923005,16,13,0
live_fill_spread,us500,M15,21838,2025-09-30 21:00:00+00:00,2026-08-21 20:45:00+00:00,51,21,30,41.17647058823529,-10.41359449178035,-0.20418812728981078,0.6642982162821089,-1041.3594491780348,-10.413594491780348,-1689.845841428547,-16.898458414285468,31.96078431372549,26,25,-2.83459814292725,-7.578996348853099,21,30,0,319.4901960784304,84,58,0
live_fill_spread,us500,H1,21826,2023-01-02 23:00:00+00:00,2026-08-21 20:00:00+00:00,110,59,51,53.63636363636364,6.110335952926793,0.05554850866297084,1.1180411812266917,611.0335952926793,6.110335952926793,-841.1439185542604,-8.411439185542603,24.181818181818183,48,62,3.2305472254695937,2.879788727457201,59,51,0,391.62181818181745,169,117,0
live_fill_spread,us500,H4,14186,2017-04-30 22:00:00+00:00,2026-08-21 17:00:00+00:00,145,84,61,57.931034482758626,20.982469403253766,0.14470668553968113,1.3397151829789105,2098.2469403253763,20.982469403253763,-834.512428677679,-8.345124286776791,12.4,89,56,21.664436352349735,-0.681966949095969,84,61,0,471.7696551724138,243,152,0
live_fill_spread,us500,D1,6991,1999-02-18 00:00:00+00:00,2026-08-21 00:00:00+00:00,72,38,34,52.77777777777778,1.4695624633520898,0.020410589768779026,1.0412460610457228,146.9562463352089,1.469562463352089,-1201.7738072959528,-12.017738072959528,7.847222222222222,53,19,1.1359633471299855,0.33359911622210436,38,34,0,398.07499999999976,151,74,0
live_fill_spread,xauusd,M5,20564,2026-05-10 22:00:00+00:00,2026-08-21 20:40:00+00:00,240,123,117,51.24999999999999,-21.07258656223273,-0.08780244400930304,0.845431160008201,-2107.258656223273,-21.072586562232733,-2395.720863762921,-23.95720863762921,4.7375,100,140,-14.574918398980515,-6.497668163252216,123,117,0,522.5525000000014,536,241,0
live_fill_spread,xauusd,M15,21007,2025-09-30 22:00:00+00:00,2026-08-21 20:30:00+00:00,133,73,60,54.88721804511278,1.2344773097923625,0.009281784284153102,1.0181141297195537,123.44773097923621,1.234477309792362,-923.0928358772198,-9.230928358772198,2.338345864661654,74,59,5.0988218838881885,-3.8643445740958247,73,60,0,618.2360902255645,608,133,0
live_fill_spread,xauusd,H1,21516,2023-01-02 23:00:00+00:00,2026-08-21 20:00:00+00:00,147,77,70,52.38095238095239,-2.82092547237231,-0.019189969199811634,0.9622045884926883,-282.09254723723103,-2.82092547237231,-1380.6874171174895,-13.806874171174895,4.258503401360544,79,68,-4.173105297375184,1.3521798250028754,77,70,0,580.1469387755089,618,148,0
live_fill_spread,xauusd,H4,21049,2013-01-02 03:00:00+00:00,2026-08-21 18:00:00+00:00,142,69,73,48.59154929577465,-12.282988849309675,-0.0864999214740118,0.8404478562443893,-1228.2988849309675,-12.282988849309675,-2399.683525296664,-23.99683525296664,3.176056338028169,80,62,0.8545942104616131,-13.137583059771286,69,73,0,614.3098591549285,647,143,0
live_fill_spread,xauusd,D1,8787,1992-08-18 00:00:00+00:00,2026-08-21 00:00:00+00:00,50,28,22,56.00000000000001,2.8875231383998154,0.05775046276799631,1.1224846814801976,288.7523138399815,2.8875231383998154,-459.09194699004365,-4.590919469900437,4.28,32,18,3.9823481942652337,-1.0948250558654191,28,22,0,537.3195999999999,269,50,0
trigger_fill_spread,audusd,M5,20095,2026-05-17 21:05:00+00:00,2026-08-21 20:55:00+00:00,5,3,2,60.0,0.780194422200261,0.1560388844400522,1.3718844930877037,78.0194422200261,0.7801944222002609,-105.91133004926087,-1.0591133004926085,638.0,3,2,-1.1235892775899563,1.9037836997902176,3,2,0,299.1999999999995,5,5,0
trigger_fill_spread,audusd,M15,22176,2025-09-30 21:00:00+00:00,2026-08-21 20:45:00+00:00,16,9,7,56.25,1.2272395647561498,0.07670247279725936,1.167666192226176,122.72395647561498,1.2272395647561498,-316.83634373289715,-3.1683634373289715,93.625,12,4,3.3868414609265227,-2.159601896170373,9,7,0,329.3749999999984,26,16,0
trigger_fill_spread,audusd,H1,22655,2023-01-01 23:00:00+00:00,2026-08-21 20:00:00+00:00,99,56,43,56.56565656565656,8.37910472979608,0.08463742151309171,1.1861461566437845,837.9104729796077,8.379104729796076,-543.5512100115502,-5.435512100115502,22.1010101010101,47,52,8.816251163781075,-0.43714643398499775,56,43,0,308.82828282828206,166,107,0
trigger_fill_spread,audusd,H4,21210,2013-01-01 22:00:00+00:00,2026-08-21 17:00:00+00:00,276,149,127,53.985507246376805,12.68722545658605,0.04596820817603642,1.096607215920872,1268.7225456586048,12.687225456586049,-2050.452111477456,-20.504521114774562,9.97463768115942,131,145,2.3798796137969145,10.30734584278913,149,127,0,492.54347826086934,485,294,0
trigger_fill_spread,audusd,D1,6301,2002-05-07 00:00:00+00:00,2026-08-21 00:00:00+00:00,61,36,25,59.01639344262295,9.264708346802832,0.15188046470168579,1.3600270974386075,926.4708346802832,9.264708346802832,-323.3516068573026,-3.2335160685730258,2.5737704918032787,33,28,5.90328040613482,3.361427940668011,36,25,0,586.9754098360652,216,61,0
trigger_fill_spread,eurgbp,M5,20103,2026-05-17 21:05:00+00:00,2026-08-21 20:55:00+00:00,0,0,0,,0.0,,,0.0,0.0,0.0,0.0,,0,0,0.0,0.0,0,0,0,,0,0,0
trigger_fill_spread,eurgbp,M15,22176,2025-09-30 21:00:00+00:00,2026-08-21 20:45:00+00:00,4,2,2,50.0,-0.21802619055709804,-0.05450654763927451,0.8970734279712288,-21.802619055709798,-0.218026190557098,-116.66563275434055,-1.1666563275434054,272.0,2,2,-0.1234852476290701,-0.09454094292802795,2,2,0,283.75000000000205,6,4,0
trigger_fill_spread,eurgbp,H1,22655,2023-01-01 23:00:00+00:00,2026-08-21 20:00:00+00:00,39,21,18,53.84615384615385,0.46344681275544486,0.01188325160911397,1.024274738839431,46.344681275544346,0.4634468127554435,-934.7915921102795,-9.347915921102794,34.61538461538461,22,17,0.4115289832487351,0.05191782950670942,21,18,0,304.8205128205125,55,39,0
trigger_fill_spread,eurgbp,H4,21210,2013-01-01 22:00:00+00:00,2026-08-21 17:00:00+00:00,221,117,104,52.94117647058824,1.9337497563220118,0.008749998897384668,1.0175726862585042,193.37497563220086,1.9337497563220087,-2828.538045397292,-28.28538045397292,13.819004524886878,114,107,10.05127750639674,-8.117527750074728,117,104,0,485.7420814479635,358,233,0
trigger_fill_spread,eurgbp,D1,6301,2002-05-08 00:00:00+00:00,2026-08-21 00:00:00+00:00,72,44,28,61.111111111111114,11.867314713989236,0.16482381547207273,1.3895315335552418,1186.7314713989235,11.867314713989236,-993.0631700442555,-9.930631700442555,5.291666666666667,28,44,3.588151133405451,8.279163580583786,44,28,0,569.2499999999995,183,77,0
trigger_fill_spread,eurusd,M5,20103,2026-05-17 21:05:00+00:00,2026-08-21 20:55:00+00:00,7,3,4,42.857142857142854,-1.343593640080007,-0.19194194858285815,0.6793759835096413,-134.3593640080007,-1.343593640080007,-206.75522943436772,-2.067552294343677,216.57142857142858,5,2,-3.220678802503201,1.8770851624231946,3,4,0,280.000000000004,7,7,0
trigger_fill_spread,eurusd,M15,22176,2025-09-30 21:00:00+00:00,2026-08-21 20:45:00+00:00,22,12,10,54.54545454545454,-0.10956369397067109,-0.004980167907757777,0.9897106112389501,-10.956369397067183,-0.10956369397067184,-465.13567878041795,-4.65135678780418,50.04545454545455,12,10,-5.543098432893345,5.433534738922674,11,10,1,234.5454545454559,30,22,0
trigger_fill_spread,eurusd,H1,22655,2023-01-01 23:00:00+00:00,2026-08-21 20:00:00+00:00,108,53,55,49.074074074074076,-6.195325115152134,-0.05736412143659383,0.8913174491546866,-619.5325115152136,-6.195325115152136,-2420.8467242465686,-24.208467242465687,21.65740740740741,56,52,-6.178806575309116,-0.01651853984301943,53,55,0,375.3888888888898,189,113,0
trigger_fill_spread,eurusd,H4,21210,2013-01-01 22:00:00+00:00,2026-08-21 17:00:00+00:00,241,131,110,54.356846473029044,14.98269760841217,0.06216886974444884,1.1330611473097127,1498.2697608412175,14.982697608412174,-1098.2204260151157,-10.982204260151157,8.058091286307054,122,119,10.938024287574823,4.044673320837347,132,109,0,537.9398340248964,493,258,0
trigger_fill_spread,eurusd,D1,6307,2002-05-07 00:00:00+00:00,2026-08-21 00:00:00+00:00,38,22,16,57.89473684210527,5.2671575280267025,0.13860940863228163,1.323879865639089,526.7157528026702,5.267157528026702,-519.6588179125465,-5.196588179125465,2.5526315789473686,15,23,-1.3216243054119678,6.588781833438671,22,16,0,666.9342105263154,228,38,0
trigger_fill_spread,gbpusd,M5,20086,2026-05-17 21:05:00+00:00,2026-08-21 20:55:00+00:00,6,4,2,66.66666666666666,1.6553021454038173,0.2758836909006362,1.7629378932004522,165.53021454038173,1.6553021454038173,-119.82680183250704,-1.1982680183250705,124.33333333333333,5,1,0.6839280996023076,0.9713740458015094,4,2,0,325.50000000000074,8,6,0
trigger_fill_spread,gbpusd,M15,22174,2025-09-30 21:00:00+00:00,2026-08-21 20:45:00+00:00,57,23,34,40.35087719298245,-14.860899765118786,-0.2607175397389261,0.593826441144354,-1486.089976511879,-14.86089976511879,-1670.889552326029,-16.70889552326029,40.94736842105263,35,22,-5.565043729416633,-9.295856035702156,23,34,0,303.01754385964784,82,59,0
trigger_fill_spread,gbpusd,H1,22655,2023-01-01 23:00:00+00:00,2026-08-21 20:00:00+00:00,147,66,81,44.89795918367347,-23.335379775737785,-0.15874408010705976,0.726929394611405,-2333.5379775737783,-23.33537977573778,-2427.898879829414,-24.27898879829414,17.408163265306122,77,70,-19.45351480700802,-3.8818649687297624,66,81,0,401.8911564625847,248,155,0
trigger_fill_spread,gbpusd,H4,21210,2013-01-01 22:00:00+00:00,2026-08-21 17:00:00+00:00,230,112,118,48.69565217391305,-15.694371927705962,-0.0682363996856781,0.8731497939870161,-1569.4371927705968,-15.69437192770597,-2633.5972611081015,-26.335972611081015,6.447826086956522,131,99,-6.841532668867936,-8.852839258838028,112,118,0,576.6869565217396,547,237,0
trigger_fill_spread,gbpusd,D1,6311,2002-05-07 00:00:00+00:00,2026-08-21 00:00:00+00:00,25,15,10,60.0,3.999342278815745,0.1599736911526298,1.376969117924737,399.93422788157454,3.9993422788157456,-422.8779911513411,-4.228779911513411,1.68,15,10,0.3792650148250363,3.6200772639907095,15,10,0,570.7399999999998,216,25,0
trigger_fill_spread,us100,M5,21307,2026-05-10 22:00:00+00:00,2026-08-21 20:55:00+00:00,218,110,108,50.45871559633027,-12.38289314736365,-0.05680226214386995,0.8940913160060828,-1238.2893147363648,-12.382893147363648,-2466.530650470553,-24.66530650470553,7.513761467889908,112,106,-8.566022045371039,-3.8168711019926116,110,108,0,462.2064220183497,404,223,0
trigger_fill_spread,us100,M15,21857,2025-09-30 21:00:00+00:00,2026-08-21 20:45:00+00:00,183,107,76,58.46994535519126,22.384988037444558,0.12232233900242928,1.2807454200977542,2238.4988037444564,22.384988037444565,-1389.530096034161,-13.895300960341611,5.1530054644808745,112,71,10.513573892708958,11.871414144735603,108,75,0,472.43169398907105,466,188,0
trigger_fill_spread,us100,H1,21841,2023-01-02 23:00:00+00:00,2026-08-21 20:00:00+00:00,144,79,65,54.861111111111114,7.56107377951575,0.05250745680219271,1.1103051342516264,756.107377951575,7.561073779515751,-793.5734430101729,-7.935734430101729,4.395833333333333,99,45,4.589192654625037,2.9718811248907153,79,65,0,559.4930555555553,543,147,0
trigger_fill_spread,us100,H4,14187,2017-04-30 22:00:00+00:00,2026-08-21 17:00:00+00:00,93,48,45,51.61290322580645,-1.036966001574351,-0.011150172059939257,0.9781620403156902,-103.69660015743513,-1.0369660015743514,-882.457996602976,-8.82457996602976,5.354838709677419,71,22,1.7484730805157245,-2.785439082090076,48,45,0,606.5913978494617,440,96,0
trigger_fill_spread,us100,D1,2897,2015-04-20 00:00:00+00:00,2026-08-21 00:00:00+00:00,15,8,7,53.333333333333336,-0.8033164805500415,-0.05355443203666943,0.906914266620982,-80.33164805500414,-0.8033164805500413,-466.7558832305349,-4.667558832305349,1.9333333333333333,13,2,2.7180206460502423,-3.5213371266002844,8,7,0,662.5333333333323,95,15,0
trigger_fill_spread,us30,M5,21299,2026-05-10 22:00:00+00:00,2026-08-21 20:55:00+00:00,165,93,72,56.36363636363636,9.843146806980956,0.05965543519382398,1.1276707570878421,984.3146806980951,9.84314680698095,-980.0515931563423,-9.800515931563423,6.624242424242424,94,71,3.1342030351173715,6.708943771863587,94,71,0,444.9393939393944,323,170,0
trigger_fill_spread,us30,M15,21855,2025-09-30 21:00:00+00:00,2026-08-21 20:45:00+00:00,164,80,84,48.78048780487805,-12.463659563461746,-0.07599792416744967,0.8575087969823266,-1246.3659563461742,-12.463659563461743,-2589.5593744610287,-25.895593744610284,4.615853658536586,86,78,-2.467895711429389,-9.995763852032356,81,83,0,479.3719512195125,454,166,0
trigger_fill_spread,us30,H1,21841,2023-01-02 23:00:00+00:00,2026-08-21 20:00:00+00:00,129,76,53,58.91472868217055,16.73876791376961,0.12975789080441558,1.2993667692938784,1673.8767913769607,16.738767913769607,-991.321780756758,-9.91321780756758,2.875968992248062,79,50,15.438494924374618,1.3002729893949885,76,53,0,574.6124031007757,601,131,0
trigger_fill_spread,us30,H4,14102,2017-04-30 22:00:00+00:00,2026-08-21 17:00:00+00:00,35,16,19,45.714285714285715,-4.507979533752486,-0.12879941525007105,0.7713290725648578,-450.79795337524877,-4.507979533752487,-695.23819096015,-6.952381909601499,1.6,30,5,-3.1903694541076777,-1.3176100796448091,16,19,0,587.114285714284,423,35,0
trigger_fill_spread,us30,D1,2403,2017-05-01 00:00:00+00:00,2026-08-21 00:00:00+00:00,4,2,2,50.0,-0.14234015994997362,-0.035585039987493405,0.9314859882462364,-14.234015994997407,-0.14234015994997407,-102.19780219780296,-1.0219780219780297,1.0,2,2,-0.09266130694702024,-0.049678853002953716,2,2,0,632.7499999999964,92,4,0
trigger_fill_spread,us500,M5,21257,2026-05-10 22:00:00+00:00,2026-08-21 20:55:00+00:00,13,5,8,38.46153846153847,-3.4564144471431275,-0.2658780343956252,0.580542204916744,-345.6414447143127,-3.4564144471431266,-623.7948611575321,-6.23794861157532,41.07692307692308,7,6,-3.237137201386288,-0.2192772457568395,5,8,0,280.2307692307694,16,13,0
trigger_fill_spread,us500,M15,21838,2025-09-30 21:00:00+00:00,2026-08-21 20:45:00+00:00,50,20,30,40.0,-11.226734957955568,-0.22453469915911137,0.6362261361152272,-1122.6734957955568,-11.226734957955568,-1674.6226770383,-16.746226770383,32.38,26,24,-2.7060243545827856,-8.520710603372784,20,30,0,317.9999999999989,84,57,0
trigger_fill_spread,us500,H1,21826,2023-01-02 23:00:00+00:00,2026-08-21 20:00:00+00:00,110,58,52,52.72727272727272,4.187458545956552,0.038067804963241386,1.079370030256858,418.74585459565526,4.187458545956552,-838.807277268399,-8.38807277268399,24.554545454545455,48,62,1.26345512549101,2.9240034204655427,58,52,0,402.7272727272721,169,117,0
trigger_fill_spread,us500,H4,14186,2017-04-30 22:00:00+00:00,2026-08-21 17:00:00+00:00,142,82,60,57.74647887323944,19.87500390243185,0.1399648162143088,1.3260327902604627,1987.5003902431852,19.87500390243185,-931.125634615184,-9.31125634615184,12.288732394366198,90,52,18.499592216802938,1.375411685628909,82,60,0,469.33098591549293,243,149,0
trigger_fill_spread,us500,D1,6991,1999-02-18 00:00:00+00:00,2026-08-21 00:00:00+00:00,71,36,35,50.70422535211267,-0.4868902025473163,-0.00685760848658192,0.9863924299377407,-48.689020254731616,-0.48689020254731613,-1101.2265290563537,-11.012265290563537,8.619718309859154,53,18,2.0284154449657987,-2.5153056475131157,36,35,0,424.6056338028169,151,73,0
trigger_fill_spread,xauusd,M5,20564,2026-05-10 22:00:00+00:00,2026-08-21 20:40:00+00:00,233,115,118,49.35622317596567,-18.231234435491427,-0.07824564135404045,0.8558898492312272,-1823.1234435491426,-18.231234435491427,-2396.4205132001534,-23.964205132001535,4.24892703862661,98,135,-7.994396144143817,-10.236838291347611,115,118,0,538.4163090128758,536,233,0
trigger_fill_spread,xauusd,M15,21007,2025-09-30 22:00:00+00:00,2026-08-21 20:30:00+00:00,121,62,59,51.2396694214876,-5.92183476354838,-0.04894078316982132,0.9085870551374646,-592.183476354838,-5.921834763548381,-1082.271005149776,-10.822710051497761,2.5289256198347108,67,54,-2.231114828237971,-3.69071993531041,62,59,0,631.6859504132262,608,121,0
trigger_fill_spread,xauusd,H1,21516,2023-01-02 23:00:00+00:00,2026-08-21 20:00:00+00:00,138,69,69,50.0,-8.064643182253928,-0.058439443349666144,0.8896775484057478,-806.4643182253926,-8.064643182253926,-1335.2008315570074,-13.352008315570075,4.260869565217392,73,65,-3.1249100627900432,-4.939733119463884,69,69,0,596.2753623188395,618,139,0
trigger_fill_spread,xauusd,H4,21049,2013-01-02 03:00:00+00:00,2026-08-21 18:00:00+00:00,136,65,71,47.794117647058826,-12.439915475455695,-0.09146996673129187,0.8311445886477405,-1243.9915475455696,-12.439915475455695,-2239.573467132808,-22.395734671328082,3.375,75,61,1.174882231583561,-13.614797707039253,66,70,0,633.8455882352935,647,137,0
trigger_fill_spread,xauusd,D1,8787,1992-08-18 00:00:00+00:00,2026-08-21 00:00:00+00:00,46,25,21,54.347826086956516,1.3358292459603263,0.02903976621652883,1.059754938896386,133.58292459603274,1.3358292459603274,-456.5662041578016,-4.565662041578016,4.717391304347826,29,17,3.555671275013709,-2.2198420290533827,25,21,0,556.1304347826085,269,46,0
upstream,audusd,M5,20095,2026-05-17 21:05:00+00:00,2026-08-21 20:55:00+00:00,5,3,2,60.0,1.0,0.2,1.5,100.0,1.0,-100.0,-1.0,637.6,3,2,-1.0,2.0,3,2,0,267.5999999999967,5,5,0
upstream,audusd,M15,22176,2025-09-30 21:00:00+00:00,2026-08-21 20:45:00+00:00,16,10,6,62.5,4.0,0.25,1.6666666666666667,400.0,4.0,-300.0,-3.0,81.0,12,4,4.0,0.0,10,6,0,303.18749999999886,26,16,0
upstream,audusd,H1,22655,2023-01-01 23:00:00+00:00,2026-08-21 20:00:00+00:00,101,63,38,62.37623762376238,25.0,0.24752475247524752,1.6578947368421053,2500.0,25.0,-500.0,-5.0,17.415841584158414,48,53,14.0,11.0,63,38,0,271.0891089108907,166,105,0
upstream,audusd,H4,21210,2013-01-01 22:00:00+00:00,2026-08-21 17:00:00+00:00,279,188,91,67.38351254480287,97.0,0.34767025089605735,2.065934065934066,9700.0,97.0,-900.0,-9.0,7.508960573476703,132,147,36.0,61.0,188,91,0,430.89426523297413,485,286,0
upstream,audusd,D1,6301,2002-05-07 00:00:00+00:00,2026-08-21 00:00:00+00:00,74,49,25,66.21621621621621,24.0,0.32432432432432434,1.96,2400.0,24.0,-400.0,-4.0,2.7162162162162162,44,30,14.0,10.0,49,25,0,512.6959459459449,216,74,0
upstream,eurgbp,M5,20103,2026-05-17 21:05:00+00:00,2026-08-21 20:55:00+00:00,0,0,0,,0.0,,,0.0,0.0,0.0,0.0,,0,0,0.0,0.0,0,0,0,,0,0,0
upstream,eurgbp,M15,22176,2025-09-30 21:00:00+00:00,2026-08-21 20:45:00+00:00,4,3,1,75.0,2.0,0.5,3.0,200.0,2.0,-100.0,-1.0,149.75,2,2,2.0,0.0,3,1,0,254.50000000000472,6,4,0
upstream,eurgbp,H1,22655,2023-01-01 23:00:00+00:00,2026-08-21 20:00:00+00:00,38,27,11,71.05263157894737,16.0,0.42105263157894735,2.4545454545454546,1600.0,16.0,-400.0,-4.0,26.105263157894736,21,17,7.0,9.0,27,11,0,262.50000000000017,55,38,0
upstream,eurgbp,H4,21210,2013-01-01 22:00:00+00:00,2026-08-21 17:00:00+00:00,219,135,84,61.64383561643836,51.0,0.2328767123287671,1.6071428571428572,5100.0,51.0,-500.0,-5.0,10.114155251141552,111,108,33.0,18.0,135,84,0,426.67351598173485,358,227,0
upstream,eurgbp,D1,6301,2002-05-08 00:00:00+00:00,2026-08-21 00:00:00+00:00,75,57,18,76.0,39.0,0.52,3.1666666666666665,3900.0,39.0,-200.0,-2.0,4.053333333333334,29,46,15.0,24.0,57,18,0,492.8666666666667,183,77,0
upstream,eurusd,M5,20103,2026-05-17 21:05:00+00:00,2026-08-21 20:55:00+00:00,7,4,3,57.14285714285714,1.0,0.14285714285714285,1.3333333333333333,100.0,1.0,-100.0,-1.0,176.85714285714286,5,2,-1.0,2.0,4,3,0,261.00000000000324,7,7,0
upstream,eurusd,M15,22176,2025-09-30 21:00:00+00:00,2026-08-21 20:45:00+00:00,22,17,5,77.27272727272727,11.289617486338795,0.513164431197218,3.2579234972677593,1128.9617486338796,11.289617486338797,-100.0,-1.0,34.59090909090909,12,10,3.2896174863387944,8.0,16,5,1,188.63636363636508,30,22,0
upstream,eurusd,H1,22655,2023-01-01 23:00:00+00:00,2026-08-21 20:00:00+00:00,105,63,42,60.0,21.0,0.2,1.5,2100.0,21.0,-1000.0,-10.0,18.704761904761906,55,50,13.0,8.0,63,42,0,332.5809523809535,189,110,0
upstream,eurusd,H4,21210,2013-01-01 22:00:00+00:00,2026-08-21 17:00:00+00:00,248,162,86,65.32258064516128,75.99999999999999,0.30645161290322576,1.883720930232558,7599.999999999998,75.99999999999997,-400.0,-4.0,7.495967741935484,125,123,40.999999999999986,35.0,162,86,0,475.42338709677466,493,264,0
upstream,eurusd,D1,6307,2002-05-07 00:00:00+00:00,2026-08-21 00:00:00+00:00,51,32,19,62.745098039215684,13.0,0.2549019607843137,1.6842105263157894,1300.0,13.0,-400.0,-4.0,1.7450980392156863,26,25,-2.0,15.0,32,19,0,571.4607843137238,228,51,0
upstream,gbpusd,M5,20086,2026-05-17 21:05:00+00:00,2026-08-21 20:55:00+00:00,6,5,1,83.33333333333334,4.0,0.6666666666666666,5.0,400.0,4.0,-100.0,-1.0,55.833333333333336,5,1,3.0,1.0,5,1,0,299.0000000000011,8,6,0
upstream,gbpusd,M15,22174,2025-09-30 21:00:00+00:00,2026-08-21 20:45:00+00:00,60,33,27,55.00000000000001,6.0,0.1,1.2222222222222223,600.0,6.0,-400.0,-4.0,25.9,38,22,8.0,-2.0,33,27,0,257.39999999999907,82,60,0
upstream,gbpusd,H1,22655,2023-01-01 23:00:00+00:00,2026-08-21 20:00:00+00:00,146,80,66,54.794520547945204,14.0,0.0958904109589041,1.2121212121212122,1400.0,14.000000000000002,-600.0,-6.0,15.363013698630137,76,70,-4.0,18.0,80,66,0,343.8698630136991,248,153,0
upstream,gbpusd,H4,21210,2013-01-01 22:00:00+00:00,2026-08-21 17:00:00+00:00,240,139,101,57.91666666666667,38.0,0.15833333333333333,1.3762376237623761,3800.0,38.0,-600.0,-6.0,5.791666666666667,131,109,29.0,9.0,139,101,0,525.2437500000003,547,246,0
upstream,gbpusd,D1,6311,2002-05-07 00:00:00+00:00,2026-08-21 00:00:00+00:00,45,36,9,80.0,27.0,0.6,4.0,2700.0,27.0,-200.0,-2.0,1.4222222222222223,28,17,18.0,9.0,36,9,0,565.7444444444421,216,45,0
upstream,us100,M5,21307,2026-05-10 22:00:00+00:00,2026-08-21 20:55:00+00:00,212,137,75,64.62264150943396,62.0,0.29245283018867924,1.8266666666666667,6200.0,62.0,-500.0,-5.0,6.367924528301887,113,99,31.0,31.0,137,75,0,404.34433962264245,404,213,0
upstream,us100,M15,21857,2025-09-30 21:00:00+00:00,2026-08-21 20:45:00+00:00,196,134,62,68.36734693877551,72.0,0.3673469387755102,2.161290322580645,7200.0,72.0,-500.0,-5.0,4.3520408163265305,115,81,49.0,23.0,134,62,0,395.93367346938714,466,202,0
upstream,us100,H1,21841,2023-01-02 23:00:00+00:00,2026-08-21 20:00:00+00:00,154,101,53,65.5844155844156,48.0,0.3116883116883117,1.9056603773584906,4800.0,48.0,-400.0,-4.0,3.8506493506493507,100,54,34.0,14.0,101,53,0,485.8441558441553,543,157,0
upstream,us100,H4,14187,2017-04-30 22:00:00+00:00,2026-08-21 17:00:00+00:00,97,61,36,62.88659793814433,25.0,0.25773195876288657,1.6944444444444444,2500.0,25.0,-600.0,-6.0,5.185567010309279,74,23,22.0,3.0,61,36,0,572.8969072164946,440,101,0
upstream,us100,D1,2897,2015-04-20 00:00:00+00:00,2026-08-21 00:00:00+00:00,19,15,4,78.94736842105263,11.0,0.5789473684210527,3.75,1100.0,11.0,-100.0,-1.0,1.3157894736842106,15,4,11.0,0.0,15,4,0,509.9999999999976,95,19,0
upstream,us30,M5,21299,2026-05-10 22:00:00+00:00,2026-08-21 20:55:00+00:00,164,114,50,69.51219512195121,64.0,0.3902439024390244,2.28,6400.0,64.0,-300.0,-3.0,6.560975609756097,87,77,33.0,31.0,114,50,0,383.8780487804877,323,167,0
upstream,us30,M15,21855,2025-09-30 21:00:00+00:00,2026-08-21 20:45:00+00:00,167,106,61,63.47305389221557,45.0,0.2694610778443114,1.7377049180327868,4500.0,45.0,-1300.0,-13.0,3.658682634730539,91,76,23.0,22.0,106,61,0,402.6526946107812,454,169,0
upstream,us30,H1,21841,2023-01-02 23:00:00+00:00,2026-08-21 20:00:00+00:00,153,107,46,69.93464052287581,61.0,0.39869281045751637,2.3260869565217392,6100.0,61.0,-500.0,-5.0,2.2745098039215685,89,64,41.0,20.0,107,46,0,511.34640522875617,601,155,0
upstream,us30,H4,14102,2017-04-30 22:00:00+00:00,2026-08-21 17:00:00+00:00,38,25,13,65.78947368421053,12.0,0.3157894736842105,1.9230769230769231,1200.0,12.0,-200.0,-2.0,1.368421052631579,30,8,14.0,-2.0,25,13,0,535.473684210529,423,38,0
upstream,us30,D1,2403,2017-05-01 00:00:00+00:00,2026-08-21 00:00:00+00:00,5,3,2,60.0,1.0,0.2,1.5,100.0,1.0,-100.0,-1.0,1.0,4,1,0.0,1.0,3,2,0,400.99999999998545,92,5,0
upstream,us500,M5,21257,2026-05-10 22:00:00+00:00,2026-08-21 20:55:00+00:00,12,5,7,41.66666666666667,-2.0,-0.16666666666666666,0.7142857142857143,-200.0,-2.0,-500.0,-5.0,44.416666666666664,6,6,-2.0,0.0,5,7,0,257.0833333333333,16,12,0
upstream,us500,M15,21838,2025-09-30 21:00:00+00:00,2026-08-21 20:45:00+00:00,49,25,24,51.02040816326531,1.0,0.02040816326530612,1.0416666666666667,100.0,1.0,-1300.0,-13.0,29.102040816326532,25,24,1.0,0.0,25,24,0,284.77551020408083,84,55,0
upstream,us500,H1,21826,2023-01-02 23:00:00+00:00,2026-08-21 20:00:00+00:00,110,69,41,62.727272727272734,28.0,0.2545454545454545,1.6829268292682926,2800.0,28.000000000000004,-600.0,-6.0,21.427272727272726,47,63,13.0,15.0,69,41,0,355.59090909090844,169,117,0
upstream,us500,H4,14186,2017-04-30 22:00:00+00:00,2026-08-21 17:00:00+00:00,145,94,51,64.82758620689654,43.000000000000014,0.2965517241379311,1.8431372549019607,4300.000000000001,43.00000000000001,-800.0,-8.0,10.73103448275862,90,55,32.000000000000014,11.0,94,51,0,428.79310344827604,243,151,0
upstream,us500,D1,6991,1999-02-18 00:00:00+00:00,2026-08-21 00:00:00+00:00,64,43,21,67.1875,22.0,0.34375,2.0476190476190474,2200.0,22.0,-500.0,-5.0,6.65625,47,17,19.0,3.0,43,21,0,381.671875,151,65,0
upstream,xauusd,M5,20564,2026-05-10 22:00:00+00:00,2026-08-21 20:40:00+00:00,242,163,79,67.35537190082644,84.0,0.34710743801652894,2.0632911392405062,8400.0,84.0,-700.0,-7.000000000000001,3.475206611570248,108,134,38.0,46.0,163,79,0,453.67355371901175,536,244,0
upstream,xauusd,M15,21007,2025-09-30 22:00:00+00:00,2026-08-21 20:30:00+00:00,143,105,38,73.42657342657343,67.0,0.46853146853146854,2.763157894736842,6700.0,67.0,-300.0,-3.0,2.055944055944056,76,67,40.0,27.0,105,38,0,548.8251748251756,608,143,0
upstream,xauusd,H1,21516,2023-01-02 23:00:00+00:00,2026-08-21 20:00:00+00:00,159,111,48,69.81132075471697,63.0,0.39622641509433965,2.3125,6300.0,63.0,-400.0,-4.0,3.138364779874214,87,72,33.0,30.0,111,48,0,503.6477987421399,618,159,0
upstream,xauusd,H4,21049,2013-01-02 03:00:00+00:00,2026-08-21 18:00:00+00:00,157,103,54,65.60509554140127,49.0,0.31210191082802546,1.9074074074074074,4900.0,49.0,-800.0,-8.0,2.56687898089172,87,70,31.0,18.0,103,54,0,536.9554140127383,647,158,0
upstream,xauusd,D1,8787,1992-08-18 00:00:00+00:00,2026-08-21 00:00:00+00:00,53,38,15,71.69811320754717,23.0,0.4339622641509434,2.533333333333333,2300.0,23.0,-200.0,-2.0,3.207547169811321,33,20,19.0,4.0,38,15,0,492.05660377358663,269,53,0
